precinto,unidad,colegio,registrados
1,1,1,554
1,1,2,555
1,2,1,596
1,2,2,596
1,2,3,596
1,2,4,594
1,3,1,589
1,3,2,589
1,3,3,589
1,3,4,589
1,4,1,682
1,4,2,681
1,5,1,502
1,5,2,502
1,5,3,502
1,5,4,502
1,5,5,502
1,5,6,502
1,5,7,505
1,6,1,530
1,6,2,530
1,6,3,530
1,7,1,529
1,7,2,529
1,7,3,529
1,7,4,529
1,7,5,529
1,7,6,529
1,7,7,529
1,7,8,526
1,8,1,643
1,8,2,643
1,8,3,643
1,8,4,643
1,9,1,463
1,9,2,463
1,9,3,463
1,9,4,462
1,10,1,575
1,10,2,575
1,10,3,575
1,10,4,575
1,10,5,575
1,11,1,586
1,11,2,586
1,11,3,585
1,12,1,568
1,12,2,568
1,13,1,503
1,13,2,503
1,13,3,502
1,14,1,508
1,14,2,508
1,14,3,508
1,14,4,508
1,14,5,506
1,15,1,502
1,15,2,502
1,15,3,502
1,15,4,502
1,15,5,500
1,16,1,668
1,16,2,668
1,16,3,669
1,17,1,601
1,17,2,601
1,17,3,601
1,17,4,600
1,18,1,455
1,18,2,455
1,18,3,454
1,19,1,487
1,19,2,487
1,19,3,487
1,19,4,488
1,20,1,518
1,20,2,518
1,20,3,519
1,21,1,489
1,21,2,489
1,21,3,489
1,22,1,527
1,22,2,527
1,22,3,528
1,23,1,687
1,23,2,687
1,23,3,687
1,24,1,671
1,24,2,671
1,24,3,670
1,25,1,564
1,25,2,564
1,25,3,564
1,25,4,565
1,26,1,541
1,26,2,541
1,26,3,541
1,26,4,540
1,74,1,0
1,74,2,0
1,74,3,0
1,74,4,0
1,74,5,0
1,74,6,0
1,74,7,0
1,74,8,0
1,74,9,0
1,75,1,0
1,75,2,0
1,77,1,0
1,77,2,0
1,77,3,0
1,77,4,0
1,77,5,0
1,78,1,0
1,78,2,0
1,78,3,0
1,78,4,0
1,78,5,0
1,79,1,0
1,79,2,0
2,1,1,540
2,1,2,540
2,1,3,540
2,1,4,540
2,1,5,541
2,2,1,507
2,3,1,559
2,3,2,559
2,3,3,560
2,4,1,518
2,4,2,518
2,4,3,518
2,4,4,518
2,4,5,517
2,5,1,524
2,5,2,524
2,5,3,524
2,5,4,524
2,5,5,524
2,5,6,522
2,6,1,458
2,6,2,458
2,6,3,458
2,6,4,456
2,7,1,549
2,7,2,549
2,7,3,550
2,8,1,566
2,8,2,566
2,8,3,566
2,8,4,566
2,8,5,566
2,8,6,566
2,9,1,586
2,9,2,586
2,9,3,586
2,10,1,363
2,10,2,363
2,11,1,453
2,11,2,453
2,11,3,453
2,11,4,453
2,11,5,453
2,12,1,482
2,12,2,483
2,13,1,568
2,13,2,568
2,13,3,568
2,13,4,568
2,13,5,566
2,14,1,563
2,14,2,563
2,14,3,563
2,14,4,564
2,15,1,575
2,15,2,575
2,15,3,574
2,16,1,480
2,16,2,480
2,16,3,480
2,16,4,480
2,16,5,481
2,17,1,454
2,17,2,454
2,17,3,454
2,17,4,453
2,18,1,626
2,18,2,626
2,18,3,626
2,19,1,508
2,19,2,507
2,20,1,556
2,20,2,556
2,20,3,555
2,21,1,547
2,21,2,547
2,21,3,547
2,22,1,542
2,22,2,542
2,22,3,541
2,23,1,530
2,23,2,531
2,24,1,543
2,24,2,543
2,24,3,544
2,25,1,550
2,25,2,550
2,25,3,550
2,25,4,549
2,26,1,512
2,26,2,512
2,27,1,663
2,27,2,663
2,27,3,663
2,27,4,664
2,28,1,615
2,28,2,615
2,28,3,615
2,74,1,0
2,74,2,0
2,74,3,0
2,74,4,0
2,74,5,0
2,74,6,0
2,74,7,0
2,74,8,0
2,74,9,0
2,74,10,0
2,74,11,0
2,74,12,0
2,75,1,0
2,75,2,0
2,77,1,0
2,77,2,0
2,77,3,0
2,77,4,0
2,77,5,0
2,78,1,0
2,78,2,0
2,78,3,0
2,79,1,0
3,1,1,498
3,1,2,498
3,1,3,498
3,2,1,605
3,2,2,605
3,3,1,515
3,3,2,515
3,3,3,515
3,3,4,515
3,4,1,509
3,4,2,509
3,4,3,509
3,4,4,509
3,4,5,509
3,4,6,509
3,4,7,512
3,5,1,601
3,5,2,601
3,5,3,600
3,6,1,484
3,6,2,484
3,6,3,484
3,6,4,482
3,7,1,522
3,7,2,522
3,7,3,522
3,7,4,522
3,7,5,522
3,7,6,522
3,7,7,524
3,8,1,628
3,8,2,628
3,8,3,628
3,8,4,627
3,9,1,359
3,9,2,359
3,10,1,496
3,10,2,496
3,10,3,496
3,10,4,496
3,10,5,497
3,11,1,308
3,11,2,307
3,12,1,568
3,12,2,568
3,12,3,568
3,12,4,569
3,13,1,514
3,13,2,514
3,13,3,514
3,13,4,514
3,14,1,578
3,14,2,578
3,14,3,578
3,14,4,577
3,15,1,310
3,16,1,501
3,16,2,501
3,16,3,501
3,16,4,501
3,16,5,501
3,17,1,424
3,17,2,424
3,17,3,425
3,18,1,637
3,18,2,637
3,18,3,637
3,18,4,637
3,18,5,635
3,19,1,260
3,20,1,503
3,20,2,503
3,20,3,503
3,20,4,503
3,20,5,503
3,20,6,503
3,20,7,500
3,21,1,465
3,21,2,465
3,22,1,525
3,22,2,525
3,22,3,524
3,23,1,580
3,23,2,579
3,24,1,192
3,25,1,314
3,26,1,612
3,26,2,612
3,26,3,612
3,26,4,612
3,26,5,612
3,27,1,426
3,27,2,426
3,28,1,628
3,28,2,628
3,28,3,628
3,28,4,628
3,28,5,630
3,74,1,0
3,74,2,0
3,74,3,0
3,74,4,0
3,74,5,0
3,74,6,0
3,74,7,0
3,74,8,0
3,74,9,0
3,74,10,0
3,74,11,0
3,75,1,0
3,75,2,0
3,77,1,0
3,77,2,0
3,77,3,0
3,77,4,0
3,77,5,0
3,78,1,0
3,78,2,0
3,78,3,0
3,79,1,0
3,79,2,0
3,79,3,0
4,1,1,533
4,1,2,533
4,1,3,532
4,2,1,544
4,2,2,544
4,2,3,544
4,2,4,544
4,2,5,544
4,2,6,547
4,3,1,496
4,3,2,496
4,3,3,496
4,3,4,496
4,3,5,496
4,3,6,497
4,4,1,483
4,4,2,483
4,4,3,483
4,4,4,483
4,4,5,483
4,4,6,483
4,4,7,485
4,5,1,460
4,5,2,460
4,5,3,460
4,5,4,460
4,6,1,518
4,6,2,518
4,6,3,518
4,6,4,518
4,6,5,518
4,6,6,518
4,7,1,475
4,7,2,475
4,7,3,475
4,7,4,475
4,7,5,476
4,8,1,308
4,8,2,309
4,9,1,394
4,9,2,394
4,9,3,393
4,10,1,330
4,10,2,330
4,11,1,354
4,11,2,353
4,12,1,601
4,12,2,601
4,12,3,601
4,12,4,600
4,13,1,517
4,13,2,517
4,13,3,517
4,13,4,518
4,14,1,528
4,14,2,528
4,14,3,529
4,15,1,589
4,15,2,589
4,15,3,589
4,15,4,589
4,15,5,591
4,16,1,527
4,16,2,527
4,16,3,527
4,16,4,527
4,16,5,529
4,17,1,432
4,17,2,431
4,18,1,588
4,18,2,588
4,18,3,588
4,19,1,554
4,19,2,554
4,19,3,554
4,19,4,554
4,19,5,554
4,19,6,554
4,20,1,568
4,20,2,568
4,20,3,568
4,20,4,570
4,21,1,517
4,21,2,517
4,21,3,517
4,21,4,516
4,22,1,507
4,22,2,507
4,22,3,507
4,22,4,507
4,22,5,507
4,22,6,506
4,23,1,504
4,23,2,504
4,23,3,504
4,23,4,504
4,23,5,504
4,24,1,506
4,24,2,506
4,24,3,506
4,24,4,506
4,24,5,506
4,24,6,504
4,25,1,582
4,25,2,582
4,25,3,582
4,25,4,582
4,26,1,543
4,26,2,543
4,26,3,543
4,27,1,463
4,27,2,463
4,27,3,463
4,74,1,0
4,74,2,0
4,74,3,0
4,74,4,0
4,74,5,0
4,74,6,0
4,74,7,0
4,74,8,0
4,74,9,0
4,74,10,0
4,74,11,0
4,74,12,0
4,74,13,0
4,74,14,0
4,74,15,0
4,74,16,0
4,74,17,0
4,74,18,0
4,74,19,0
4,74,20,0
4,74,21,0
4,74,22,0
4,74,23,0
4,74,24,0
4,74,25,0
4,74,26,0
4,74,27,0
4,75,1,0
4,77,1,0
4,77,2,0
4,77,3,0
4,77,4,0
4,77,5,0
4,78,1,0
4,78,2,0
4,78,3,0
4,78,4,0
4,79,1,0
5,1,1,628
5,1,2,629
5,2,1,616
5,2,2,616
5,2,3,616
5,2,4,616
5,2,5,617
5,3,1,416
5,3,2,415
5,4,1,562
5,4,2,562
5,4,3,562
5,4,4,562
5,4,5,562
5,4,6,565
5,5,1,533
5,5,2,533
5,6,1,472
5,6,2,472
5,6,3,472
5,6,4,474
5,7,1,591
5,7,2,591
5,7,3,592
5,8,1,513
5,8,2,513
5,8,3,513
5,8,4,513
5,8,5,513
5,8,6,512
5,74,1,0
5,74,2,0
5,74,3,0
5,74,4,0
5,75,1,0
5,77,1,0
5,77,2,0
5,77,3,0
5,77,4,0
5,77,5,0
5,78,1,0
5,78,2,0
5,78,3,0
5,79,1,0
6,1,1,543
6,1,2,543
6,1,3,544
6,2,1,513
6,2,2,513
6,2,3,513
6,2,4,513
6,2,5,513
6,2,6,513
6,2,7,512
6,3,1,453
6,3,2,453
6,3,3,454
6,4,1,551
6,4,2,551
6,4,3,551
6,4,4,551
6,4,5,551
6,4,6,551
6,4,7,552
6,5,1,516
6,5,2,515
6,6,1,549
6,6,2,549
6,6,3,549
6,6,4,550
6,7,1,398
6,7,2,398
6,8,1,541
6,8,2,541
6,8,3,541
6,8,4,541
6,9,1,438
6,9,2,438
6,9,3,438
6,10,1,478
6,10,2,478
6,10,3,478
6,10,4,478
6,11,1,493
6,11,2,493
6,11,3,494
6,12,1,491
6,12,2,491
6,13,1,547
6,13,2,547
6,13,3,546
6,14,1,506
6,14,2,505
6,74,1,0
6,74,2,0
6,74,3,0
6,74,4,0
6,74,5,0
6,74,6,0
6,74,7,0
6,74,8,0
6,74,9,0
6,74,10,0
6,74,11,0
6,74,12,0
6,75,1,0
6,77,1,0
6,77,2,0
6,77,3,0
6,77,4,0
6,77,5,0
6,78,1,0
6,78,2,0
6,78,3,0
6,79,1,0
6,79,2,0
7,1,1,570
7,1,2,570
7,1,3,570
7,1,4,569
7,2,1,582
7,2,2,583
7,3,1,562
7,3,2,562
7,3,3,561
7,4,1,535
7,4,2,535
7,4,3,535
7,4,4,535
7,4,5,536
7,5,1,475
7,5,2,475
7,5,3,475
7,5,4,475
7,5,5,476
7,6,1,524
7,6,2,524
7,6,3,525
7,7,1,603
7,8,1,527
7,8,2,527
7,8,3,527
7,8,4,527
7,8,5,527
7,8,6,527
7,8,7,527
7,8,8,527
7,8,9,525
7,9,1,558
7,9,2,558
7,9,3,557
7,10,1,547
7,10,2,547
7,10,3,547
7,10,4,547
7,10,5,547
7,10,6,547
7,10,7,546
7,11,1,510
7,11,2,510
7,11,3,510
7,12,1,583
7,12,2,583
7,12,3,583
7,12,4,583
7,12,5,582
7,13,1,407
7,13,2,407
7,13,3,406
7,14,1,566
7,15,1,506
7,15,2,506
7,15,3,507
7,16,1,456
7,16,2,455
7,17,1,519
7,17,2,519
7,17,3,519
7,17,4,520
7,18,1,411
7,18,2,411
7,19,1,462
7,19,2,463
7,20,1,507
7,20,2,507
7,20,3,508
7,74,1,0
7,74,2,0
7,74,3,0
7,74,4,0
7,74,5,0
7,74,6,0
7,74,7,0
7,74,8,0
7,74,9,0
7,74,10,0
7,74,11,0
7,74,12,0
7,74,13,0
7,74,14,0
7,74,15,0
7,74,16,0
7,75,1,0
7,77,1,0
7,77,2,0
7,77,3,0
7,77,4,0
7,77,5,0
7,78,1,0
7,78,2,0
7,78,3,0
7,79,1,0
7,79,2,0
8,1,1,370
8,1,2,371
8,2,1,601
8,2,2,601
8,2,3,601
8,2,4,601
8,2,5,601
8,3,1,492
8,3,2,492
8,3,3,492
8,3,4,492
8,3,5,492
8,4,1,388
8,4,2,388
8,5,1,585
8,5,2,585
8,5,3,585
8,6,1,694
8,6,2,694
8,6,3,694
8,6,4,694
8,6,5,694
8,6,6,694
8,6,7,692
8,7,1,510
8,7,2,510
8,7,3,510
8,7,4,510
8,7,5,511
8,8,1,415
8,8,2,415
8,9,1,637
8,9,2,637
8,9,3,637
8,9,4,637
8,9,5,637
8,74,1,0
8,74,2,0
8,74,3,0
8,74,4,0
8,74,5,0
8,74,6,0
8,74,7,0
8,74,8,0
8,74,9,0
8,75,1,0
8,75,2,0
8,77,1,0
8,77,2,0
8,77,3,0
8,77,4,0
8,77,5,0
8,78,1,0
8,78,2,0
8,78,3,0
8,79,1,0
9,1,1,430
9,2,1,476
9,2,2,476
9,2,3,476
9,2,4,474
9,74,1,0
9,74,2,0
9,75,1,0
9,75,2,0
9,77,1,0
9,77,2,0
9,77,3,0
9,77,4,0
9,77,5,0
9,78,1,0
9,78,2,0
9,78,3,0
9,79,1,0
10,1,1,601
10,1,2,601
10,1,3,601
10,1,4,602
10,2,1,512
10,2,2,512
10,3,1,618
10,3,2,618
10,3,3,618
10,3,4,619
10,4,1,484
10,4,2,484
10,4,3,484
10,4,4,484
10,4,5,482
10,5,1,551
10,5,2,551
10,5,3,551
10,5,4,551
10,5,5,549
10,6,1,490
10,6,2,490
10,6,3,490
10,6,4,489
10,7,1,538
10,7,2,538
10,7,3,538
10,7,4,538
10,7,5,540
10,8,1,462
10,8,2,462
10,8,3,463
10,9,1,521
10,9,2,521
10,9,3,521
10,9,4,521
10,9,5,523
10,10,1,571
10,10,2,571
10,10,3,571
10,10,4,571
10,10,5,572
10,11,1,609
10,11,2,609
10,11,3,609
10,12,1,462
10,12,2,462
10,12,3,461
10,13,1,554
10,13,2,553
10,14,1,514
10,14,2,514
10,14,3,514
10,14,4,514
10,14,5,515
10,15,1,508
10,15,2,508
10,15,3,508
10,15,4,507
10,16,1,606
10,16,2,606
10,16,3,606
10,17,1,455
10,17,2,455
10,17,3,454
10,18,1,618
10,18,2,619
10,19,1,586
10,19,2,586
10,19,3,586
10,19,4,588
10,20,1,539
10,20,2,539
10,20,3,540
10,21,1,532
10,21,2,532
10,21,3,532
10,21,4,530
10,22,1,525
10,22,2,525
10,22,3,525
10,22,4,525
10,22,5,524
10,23,1,522
10,23,2,522
10,23,3,522
10,23,4,522
10,23,5,520
10,24,1,532
10,24,2,532
10,24,3,532
10,24,4,534
10,25,1,468
10,25,2,468
10,25,3,468
10,25,4,470
10,26,1,603
10,26,2,603
10,26,3,603
10,27,1,537
10,27,2,537
10,27,3,538
10,28,1,553
10,28,2,553
10,28,3,553
10,28,4,553
10,28,5,552
10,74,1,0
10,74,2,0
10,74,3,0
10,74,4,0
10,74,5,0
10,74,6,0
10,75,1,0
10,75,2,0
10,77,1,0
10,77,2,0
10,77,3,0
10,77,4,0
10,77,5,0
10,78,1,0
10,78,2,0
10,78,3,0
10,79,1,0
11,1,1,517
11,1,2,517
11,1,3,516
11,2,1,562
11,2,2,562
11,2,3,562
11,2,4,562
11,2,5,562
11,2,6,560
11,3,1,563
11,3,2,563
11,3,3,562
11,4,1,494
11,4,2,494
11,4,3,494
11,4,4,494
11,4,5,492
11,5,1,636
11,5,2,636
11,5,3,636
11,5,4,636
11,5,5,636
11,5,6,635
11,6,1,495
11,6,2,495
11,6,3,495
11,6,4,496
11,7,1,436
11,7,2,436
11,7,3,435
11,8,1,527
11,8,2,527
11,8,3,527
11,9,1,588
11,9,2,588
11,9,3,588
11,9,4,588
11,9,5,586
11,10,1,596
11,10,2,596
11,10,3,597
11,11,1,613
11,11,2,613
11,11,3,612
11,12,1,600
11,12,2,600
11,12,3,601
11,13,1,650
11,13,2,649
11,14,1,515
11,14,2,515
11,14,3,515
11,14,4,516
11,15,1,522
11,15,2,522
11,15,3,522
11,15,4,522
11,15,5,522
11,15,6,519
11,16,1,628
11,16,2,628
11,16,3,628
11,16,4,628
11,16,5,628
11,16,6,629
11,17,1,532
11,17,2,531
11,18,1,583
11,18,2,583
11,18,3,583
11,18,4,583
11,19,1,385
11,19,2,385
11,20,1,547
11,20,2,547
11,20,3,547
11,20,4,547
11,20,5,548
11,21,1,514
11,21,2,514
11,21,3,514
11,21,4,516
11,22,1,525
11,22,2,525
11,22,3,525
11,22,4,525
11,22,5,526
11,23,1,464
11,23,2,464
11,24,1,570
11,24,2,571
11,25,1,522
11,25,2,522
11,25,3,522
11,25,4,522
11,25,5,524
11,26,1,551
11,26,2,551
11,26,3,551
11,26,4,551
11,26,5,552
11,74,1,0
11,74,2,0
11,74,3,0
11,74,4,0
11,75,1,0
11,75,2,0
11,77,1,0
11,77,2,0
11,77,3,0
11,77,4,0
11,77,5,0
11,78,1,0
11,78,2,0
11,78,3,0
12,1,1,490
12,1,2,489
12,2,1,520
12,2,2,520
12,2,3,520
12,2,4,520
12,2,5,521
12,3,1,493
12,3,2,493
12,3,3,493
12,3,4,492
12,4,1,520
12,4,2,520
12,4,3,520
12,4,4,520
12,4,5,520
12,4,6,517
12,5,1,512
12,5,2,512
12,6,1,572
12,6,2,572
12,6,3,573
12,74,1,0
12,74,2,0
12,75,1,0
12,77,1,0
12,77,2,0
12,77,3,0
12,77,4,0
12,77,5,0
12,78,1,0
12,78,2,0
12,78,3,0
13,1,1,511
13,1,2,511
13,1,3,511
13,1,4,511
13,1,5,511
13,2,1,606
13,2,2,606
13,2,3,606
13,2,4,604
13,3,1,533
13,3,2,533
13,3,3,533
13,3,4,533
13,3,5,533
13,3,6,533
13,3,7,533
13,4,1,516
13,4,2,516
13,4,3,516
13,4,4,516
13,4,5,516
13,4,6,516
13,4,7,513
13,5,1,570
13,5,2,570
13,5,3,570
13,5,4,570
13,5,5,570
13,6,1,623
13,6,2,623
13,6,3,623
13,6,4,623
13,6,5,623
13,6,6,621
13,7,1,514
13,7,2,514
13,7,3,514
13,7,4,514
13,7,5,514
13,7,6,515
13,8,1,565
13,8,2,565
13,8,3,566
13,9,1,608
13,9,2,608
13,9,3,609
13,10,1,539
13,10,2,539
13,10,3,539
13,10,4,539
13,10,5,539
13,10,6,537
13,11,1,520
13,11,2,520
13,11,3,520
13,11,4,520
13,11,5,520
13,11,6,520
13,11,7,520
13,11,8,520
13,11,9,520
13,11,10,520
13,11,11,524
13,12,1,538
13,12,2,538
13,12,3,539
13,13,1,595
13,13,2,595
13,13,3,595
13,13,4,595
13,13,5,593
13,14,1,563
13,14,2,563
13,14,3,563
13,14,4,563
13,14,5,562
13,74,1,0
13,74,2,0
13,74,3,0
13,74,4,0
13,74,5,0
13,74,6,0
13,74,7,0
13,74,8,0
13,74,9,0
13,74,10,0
13,74,11,0
13,75,1,0
13,77,1,0
13,77,2,0
13,77,3,0
13,77,4,0
13,77,5,0
13,78,1,0
13,78,2,0
13,78,3,0
14,1,1,540
14,1,2,540
14,1,3,540
14,1,4,542
14,2,1,570
14,2,2,570
14,2,3,570
14,2,4,569
14,3,1,577
14,3,2,577
14,3,3,577
14,3,4,577
14,3,5,577
14,3,6,577
14,3,7,577
14,4,1,517
14,4,2,517
14,4,3,517
14,4,4,517
14,4,5,519
14,5,1,588
14,5,2,588
14,6,1,563
14,6,2,563
14,7,1,422
14,7,2,422
14,7,3,421
14,8,1,600
14,8,2,600
14,8,3,600
14,8,4,600
14,8,5,600
14,8,6,600
14,8,7,600
14,8,8,604
14,9,1,637
14,9,2,637
14,9,3,637
14,9,4,637
14,9,5,637
14,9,6,638
14,10,1,180
14,11,1,493
14,11,2,493
14,11,3,493
14,12,1,629
14,12,2,629
14,12,3,629
14,12,4,629
14,12,5,629
14,12,6,629
14,12,7,629
14,12,8,628
14,13,1,522
14,13,2,522
14,13,3,522
14,13,4,522
14,13,5,522
14,13,6,521
14,14,1,436
14,14,2,436
14,14,3,437
14,15,1,645
14,15,2,645
14,15,3,645
14,15,4,645
14,15,5,645
14,15,6,646
14,16,1,425
14,16,2,425
14,17,1,638
14,17,2,638
14,17,3,638
14,17,4,638
14,17,5,638
14,17,6,637
14,18,1,561
14,18,2,561
14,18,3,561
14,18,4,561
14,18,5,559
14,19,1,551
14,19,2,551
14,19,3,551
14,19,4,551
14,19,5,549
14,20,1,554
14,20,2,554
14,20,3,554
14,20,4,554
14,20,5,554
14,20,6,554
14,20,7,554
14,20,8,554
14,20,9,556
14,74,1,0
14,74,2,0
14,74,3,0
14,74,4,0
14,74,5,0
14,74,6,0
14,74,7,0
14,74,8,0
14,74,9,0
14,74,10,0
14,74,11,0
14,74,12,0
14,74,13,0
14,74,14,0
14,74,15,0
14,74,16,0
14,74,17,0
14,74,18,0
14,74,19,0
14,74,20,0
14,74,21,0
14,74,22,0
14,74,23,0
14,74,24,0
14,74,25,0
14,75,1,0
14,77,1,0
14,77,2,0
14,77,3,0
14,77,4,0
14,77,5,0
14,78,1,0
14,78,2,0
14,78,3,0
15,1,1,482
15,1,2,482
15,1,3,482
15,1,4,482
15,1,5,482
15,1,6,481
15,2,1,475
15,2,2,475
15,2,3,475
15,2,4,474
15,3,1,512
15,3,2,512
15,3,3,512
15,3,4,512
15,3,5,511
15,4,1,549
15,4,2,549
15,4,3,549
15,4,4,549
15,4,5,549
15,4,6,549
15,4,7,549
15,5,1,537
15,5,2,537
15,5,3,537
15,5,4,537
15,5,5,537
15,5,6,537
15,5,7,537
15,5,8,537
15,5,9,535
15,6,1,528
15,6,2,528
15,6,3,528
15,6,4,528
15,6,5,528
15,6,6,528
15,6,7,528
15,6,8,532
15,7,1,556
15,7,2,556
15,7,3,556
15,7,4,556
15,7,5,556
15,7,6,556
15,7,7,559
15,8,1,482
15,8,2,482
15,8,3,481
15,9,1,333
15,9,2,333
15,74,1,0
15,74,2,0
15,74,3,0
15,74,4,0
15,74,5,0
15,74,6,0
15,74,7,0
15,74,8,0
15,74,9,0
15,74,10,0
15,75,1,0
15,77,1,0
15,77,2,0
15,77,3,0
15,77,4,0
15,77,5,0
15,78,1,0
15,78,2,0
15,78,3,0
15,79,1,0
15,79,2,0
16,1,1,466
16,1,2,466
16,2,1,561
16,2,2,561
16,2,3,561
16,2,4,561
16,2,5,559
16,3,1,552
16,3,2,552
16,3,3,553
16,4,1,580
16,4,2,580
16,4,3,580
16,4,4,578
16,5,1,511
16,5,2,511
16,5,3,511
16,5,4,511
16,5,5,511
16,5,6,513
16,6,1,586
16,6,2,585
16,7,1,648
16,8,1,596
16,8,2,596
16,8,3,596
16,8,4,594
16,9,1,540
16,9,2,540
16,9,3,540
16,9,4,542
16,10,1,519
16,10,2,519
16,74,1,0
16,74,2,0
16,74,3,0
16,74,4,0
16,74,5,0
16,74,6,0
16,75,1,0
16,75,2,0
16,75,3,0
16,77,1,0
16,77,2,0
16,77,3,0
16,77,4,0
16,77,5,0
16,78,1,0
16,78,2,0
16,78,3,0
17,1,1,553
17,1,2,553
17,1,3,554
17,2,1,380
17,3,1,516
17,3,2,516
17,3,3,516
17,3,4,516
17,3,5,514
17,4,1,342
17,4,2,342
17,5,1,271
17,74,1,0
17,74,2,0
17,75,1,0
17,75,2,0
17,77,1,0
17,77,2,0
17,77,3,0
17,77,4,0
17,77,5,0
17,78,1,0
17,78,2,0
17,78,3,0
18,1,1,534
18,1,2,534
18,1,3,534
18,1,4,533
18,2,1,593
18,2,2,593
18,2,3,593
18,2,4,594
18,3,1,417
18,3,2,417
18,3,3,417
18,4,1,457
18,5,1,497
18,5,2,497
18,5,3,497
18,5,4,498
18,6,1,529
18,6,2,529
18,7,1,481
18,7,2,481
18,7,3,481
18,7,4,480
18,8,1,605
18,8,2,605
18,8,3,605
18,8,4,605
18,9,1,568
18,9,2,568
18,9,3,569
18,10,1,634
18,10,2,634
18,10,3,634
18,10,4,633
18,74,1,0
18,74,2,0
18,74,3,0
18,74,4,0
18,74,5,0
18,75,1,0
18,75,2,0
18,77,1,0
18,77,2,0
18,77,3,0
18,77,4,0
18,77,5,0
18,78,1,0
18,78,2,0
18,78,3,0
18,79,1,0
19,1,1,605
19,1,2,605
19,1,3,605
19,1,4,605
19,1,5,605
19,1,6,607
19,2,1,435
19,2,2,435
19,2,3,435
19,2,4,436
19,3,1,626
19,3,2,626
19,3,3,627
19,4,1,474
19,4,2,474
19,4,3,475
19,5,1,599
19,5,2,599
19,5,3,599
19,5,4,599
19,5,5,599
19,5,6,599
19,5,7,600
19,6,1,628
19,6,2,628
19,6,3,628
19,6,4,628
19,6,5,628
19,6,6,626
19,7,1,314
19,7,2,313
19,8,1,272
19,9,1,458
19,9,2,458
19,9,3,459
19,10,1,442
19,10,2,442
19,11,1,353
19,74,1,0
19,74,2,0
19,74,3,0
19,74,4,0
19,74,5,0
19,75,1,0
19,75,2,0
19,75,3,0
19,75,4,0
19,77,1,0
19,77,2,0
19,77,3,0
19,77,4,0
19,77,5,0
19,78,1,0
19,78,2,0
19,78,3,0
19,79,1,0
20,1,1,610
20,1,2,610
20,2,1,577
20,2,2,577
20,2,3,577
20,2,4,577
20,3,1,589
20,3,2,589
20,3,3,590
20,4,1,581
20,4,2,581
20,4,3,581
20,4,4,582
20,5,1,476
20,5,2,476
20,5,3,476
20,5,4,474
20,6,1,542
20,6,2,542
20,6,3,542
20,6,4,542
20,6,5,542
20,6,6,544
20,7,1,569
20,7,2,569
20,7,3,569
20,7,4,569
20,7,5,570
20,8,1,512
20,8,2,512
20,8,3,513
20,9,1,287
20,10,1,398
20,10,2,397
20,11,1,369
20,12,1,324
20,12,2,325
20,13,1,399
20,13,2,399
20,14,1,516
20,14,2,516
20,14,3,516
20,14,4,514
20,74,1,0
20,74,2,0
20,74,3,0
20,74,4,0
20,74,5,0
20,74,6,0
20,74,7,0
20,74,8,0
20,74,9,0
20,74,10,0
20,74,11,0
20,75,1,0
20,75,2,0
20,77,1,0
20,77,2,0
20,77,3,0
20,77,4,0
20,77,5,0
20,78,1,0
20,78,2,0
20,78,3,0
21,1,1,475
21,2,1,513
21,2,2,513
21,2,3,513
21,2,4,513
21,2,5,512
21,3,1,605
21,3,2,605
21,3,3,605
21,4,1,482
21,4,2,481
21,5,1,547
21,5,2,547
21,5,3,547
21,5,4,547
21,5,5,546
21,6,1,512
21,6,2,512
21,6,3,512
21,6,4,511
21,7,1,484
21,7,2,484
21,7,3,484
21,7,4,483
21,74,1,0
21,74,2,0
21,74,3,0
21,74,4,0
21,75,1,0
21,75,2,0
21,77,1,0
21,77,2,0
21,77,3,0
21,77,4,0
21,77,5,0
21,78,1,0
21,78,2,0
21,78,3,0
21,79,1,0
22,1,1,480
22,1,2,480
22,1,3,480
22,2,1,510
22,2,2,510
22,2,3,510
22,3,1,509
22,3,2,509
22,3,3,509
22,3,4,509
22,3,5,509
22,4,1,366
22,4,2,367
22,5,1,596
22,5,2,596
22,6,1,692
22,6,2,692
22,6,3,692
22,6,4,692
22,7,1,582
22,7,2,582
22,8,1,559
22,8,2,559
22,8,3,558
22,9,1,579
22,9,2,579
22,9,3,579
22,9,4,580
22,74,1,0
22,74,2,0
22,74,3,0
22,74,4,0
22,75,1,0
22,75,2,0
22,75,3,0
22,77,1,0
22,77,2,0
22,77,3,0
22,77,4,0
22,77,5,0
22,78,1,0
22,78,2,0
22,78,3,0
23,1,1,558
23,1,2,558
23,1,3,558
23,1,4,556
23,2,1,475
23,2,2,475
23,2,3,475
23,2,4,475
23,2,5,476
23,3,1,396
23,3,2,396
23,3,3,396
23,4,1,439
23,4,2,439
23,4,3,439
23,5,1,535
23,5,2,535
23,5,3,535
23,5,4,535
23,6,1,446
23,6,2,446
23,6,3,446
23,7,1,512
23,7,2,512
23,8,1,119
23,9,1,478
23,9,2,479
23,10,1,387
23,11,1,512
23,11,2,512
23,11,3,513
23,74,1,0
23,74,2,0
23,74,3,0
23,74,4,0
23,74,5,0
23,74,6,0
23,75,1,0
23,75,2,0
23,77,1,0
23,77,2,0
23,77,3,0
23,77,4,0
23,77,5,0
23,78,1,0
23,78,2,0
23,78,3,0
24,1,1,586
24,1,2,586
24,2,1,456
24,2,2,456
24,2,3,456
24,2,4,456
24,3,1,591
24,3,2,591
24,3,3,591
24,3,4,590
24,4,1,526
24,4,2,526
24,4,3,525
24,5,1,537
24,5,2,537
24,6,1,585
24,7,1,548
24,74,1,0
24,74,2,0
24,74,3,0
24,74,4,0
24,75,1,0
24,77,1,0
24,77,2,0
24,77,3,0
24,77,4,0
24,77,5,0
24,78,1,0
24,78,2,0
24,78,3,0
25,1,1,510
25,1,2,510
25,1,3,510
25,1,4,510
25,1,5,510
25,1,6,508
25,2,1,498
25,2,2,498
25,2,3,498
25,2,4,498
25,2,5,500
25,3,1,471
25,3,2,471
25,3,3,471
25,3,4,470
25,4,1,462
25,4,2,462
25,4,3,462
25,4,4,464
25,5,1,484
25,5,2,484
25,5,3,484
25,5,4,482
25,6,1,489
25,6,2,489
25,6,3,489
25,6,4,489
25,7,1,532
25,7,2,532
25,7,3,532
25,7,4,532
25,7,5,532
25,7,6,533
25,8,1,607
25,8,2,607
25,8,3,607
25,74,1,0
25,74,2,0
25,74,3,0
25,74,4,0
25,74,5,0
25,74,6,0
25,74,7,0
25,74,8,0
25,74,9,0
25,74,10,0
25,74,11,0
25,75,1,0
25,75,2,0
25,75,3,0
25,75,4,0
25,75,5,0
25,75,6,0
25,75,7,0
25,77,1,0
25,77,2,0
25,77,3,0
25,77,4,0
25,77,5,0
25,78,1,0
25,78,2,0
25,78,3,0
26,1,1,569
26,1,2,569
26,1,3,569
26,1,4,570
26,2,1,439
26,3,1,578
26,3,2,578
26,3,3,578
26,3,4,578
26,3,5,578
26,3,6,578
26,3,7,581
26,4,1,494
26,4,2,494
26,4,3,494
26,4,4,492
26,5,1,620
26,74,1,0
26,74,2,0
26,75,1,0
26,75,2,0
26,75,3,0
26,77,1,0
26,77,2,0
26,77,3,0
26,77,4,0
26,77,5,0
26,78,1,0
26,78,2,0
26,78,3,0
27,1,1,602
27,1,2,602
27,1,3,602
27,1,4,602
27,1,5,602
27,1,6,602
27,1,7,602
27,2,1,452
27,3,1,428
27,4,1,164
27,5,1,532
27,5,2,532
27,5,3,532
27,5,4,532
27,5,5,532
27,5,6,532
27,5,7,529
27,6,1,623
27,7,1,668
27,7,2,668
27,7,3,668
27,7,4,668
27,8,1,615
27,8,2,615
27,8,3,615
27,8,4,615
27,8,5,616
27,9,1,560
27,9,2,560
27,9,3,560
27,9,4,558
27,10,1,541
27,11,1,586
27,11,2,585
27,12,1,540
27,12,2,539
27,13,1,534
27,13,2,534
27,13,3,534
27,13,4,534
27,13,5,534
27,13,6,534
27,13,7,536
27,14,1,604
27,14,2,604
27,15,1,593
27,15,2,593
27,15,3,593
27,15,4,593
27,15,5,593
27,15,6,595
27,16,1,487
27,16,2,487
27,16,3,487
27,16,4,487
27,16,5,489
27,17,1,663
27,18,1,568
27,18,2,568
27,18,3,568
27,18,4,568
27,18,5,568
27,18,6,569
27,19,1,464
27,19,2,465
27,20,1,426
27,20,2,426
27,21,1,559
27,21,2,559
27,21,3,559
27,21,4,559
27,21,5,559
27,21,6,559
27,21,7,559
27,21,8,561
27,22,1,636
27,22,2,635
27,23,1,551
27,23,2,551
27,23,3,551
27,23,4,551
27,23,5,551
27,23,6,553
27,24,1,558
27,24,2,559
27,25,1,637
27,25,2,637
27,25,3,637
27,25,4,637
27,25,5,635
27,26,1,562
27,27,1,634
27,27,2,634
27,74,1,0
27,74,2,0
27,74,3,0
27,74,4,0
27,74,5,0
27,74,6,0
27,74,7,0
27,74,8,0
27,74,9,0
27,74,10,0
27,74,11,0
27,74,12,0
27,74,13,0
27,75,1,0
27,75,2,0
27,75,3,0
27,75,4,0
27,75,5,0
27,77,1,0
27,77,2,0
27,77,3,0
27,77,4,0
27,77,5,0
27,78,1,0
27,78,2,0
27,78,3,0
27,79,1,0
27,79,2,0
28,1,1,592
28,1,2,592
28,1,3,592
28,1,4,592
28,1,5,594
28,2,1,565
28,2,2,565
28,3,1,606
28,3,2,606
28,3,3,606
28,3,4,606
28,3,5,604
28,74,1,0
28,74,2,0
28,75,1,0
28,75,2,0
28,77,1,0
28,77,2,0
28,77,3,0
28,77,4,0
28,77,5,0
28,78,1,0
28,78,2,0
28,78,3,0
29,1,1,553
29,1,2,553
29,1,3,553
29,1,4,554
29,2,1,443
29,2,2,443
29,2,3,443
29,3,1,578
29,3,2,578
29,3,3,578
29,3,4,578
29,3,5,577
29,4,1,610
29,4,2,610
29,4,3,610
29,4,4,610
29,4,5,610
29,4,6,609
29,5,1,583
29,5,2,583
29,5,3,583
29,5,4,583
29,5,5,581
29,6,1,491
29,6,2,491
29,6,3,492
29,7,1,546
29,7,2,546
29,7,3,546
29,7,4,548
29,8,1,533
29,8,2,533
29,8,3,533
29,8,4,533
29,8,5,533
29,8,6,534
29,74,1,0
29,74,2,0
29,74,3,0
29,74,4,0
29,74,5,0
29,75,1,0
29,77,1,0
29,77,2,0
29,77,3,0
29,77,4,0
29,77,5,0
29,78,1,0
29,78,2,0
29,78,3,0
30,1,1,525
30,1,2,525
30,1,3,525
30,1,4,524
30,2,1,539
30,2,2,539
30,2,3,539
30,2,4,539
30,2,5,539
30,2,6,539
30,2,7,539
30,3,1,540
30,3,2,541
30,4,1,471
30,4,2,471
30,4,3,471
30,4,4,471
30,4,5,469
30,5,1,434
30,6,1,505
30,6,2,505
30,6,3,504
30,7,1,343
30,8,1,513
30,8,2,513
30,8,3,513
30,8,4,512
30,9,1,402
30,9,2,402
30,9,3,403
30,10,1,482
30,10,2,482
30,10,3,482
30,10,4,482
30,10,5,483
30,11,1,414
30,11,2,414
30,11,3,415
30,12,1,461
30,12,2,461
30,12,3,462
30,13,1,99
30,14,1,574
30,14,2,575
30,15,1,621
30,15,2,621
30,15,3,621
30,15,4,622
30,16,1,444
30,16,2,444
30,74,1,0
30,74,2,0
30,74,3,0
30,74,4,0
30,74,5,0
30,74,6,0
30,74,7,0
30,74,8,0
30,74,9,0
30,74,10,0
30,74,11,0
30,74,12,0
30,74,13,0
30,74,14,0
30,74,15,0
30,74,16,0
30,74,17,0
30,74,18,0
30,75,1,0
30,75,2,0
30,75,3,0
30,77,1,0
30,77,2,0
30,77,3,0
30,77,4,0
30,77,5,0
30,78,1,0
30,78,2,0
30,78,3,0
31,1,1,342
31,1,2,341
31,2,1,585
31,2,2,585
31,2,3,584
31,3,1,521
31,3,2,521
31,3,3,521
31,3,4,521
31,3,5,520
31,4,1,595
31,4,2,595
31,5,1,528
31,5,2,528
31,5,3,528
31,5,4,528
31,5,5,528
31,5,6,531
31,6,1,592
31,6,2,592
31,6,3,592
31,6,4,592
31,6,5,592
31,6,6,592
31,7,1,515
31,7,2,515
31,7,3,514
31,8,1,454
31,8,2,454
31,9,1,405
31,10,1,590
31,10,2,590
31,11,1,472
31,11,2,472
31,11,3,471
31,74,1,0
31,74,2,0
31,74,3,0
31,74,4,0
31,74,5,0
31,74,6,0
31,74,7,0
31,74,8,0
31,74,9,0
31,75,1,0
31,75,2,0
31,75,3,0
31,75,4,0
31,77,1,0
31,77,2,0
31,77,3,0
31,77,4,0
31,77,5,0
31,78,1,0
31,78,2,0
31,78,3,0
31,79,1,0
32,1,1,560
32,1,2,560
32,1,3,560
32,1,4,560
32,1,5,560
32,1,6,561
32,2,1,606
32,2,2,606
32,2,3,605
32,3,1,581
32,3,2,581
32,4,1,608
32,4,2,608
32,4,3,608
32,5,1,502
32,5,2,502
32,5,3,503
32,6,1,414
32,6,2,414
32,6,3,414
32,7,1,470
32,7,2,470
32,7,3,471
32,8,1,334
32,9,1,560
32,9,2,560
32,9,3,560
32,10,1,574
32,10,2,574
32,11,1,222
32,12,1,336
32,13,1,439
32,13,2,439
32,14,1,544
32,14,2,544
32,14,3,544
32,14,4,545
32,15,1,432
32,15,2,431
32,16,1,552
32,16,2,552
32,16,3,551
32,17,1,431
32,17,2,431
32,18,1,531
32,18,2,531
32,18,3,531
32,18,4,531
32,18,5,531
32,19,1,501
32,19,2,501
32,19,3,501
32,19,4,500
32,20,1,419
32,20,2,419
32,20,3,419
32,21,1,511
32,21,2,511
32,22,1,582
32,22,2,581
32,74,1,0
32,74,2,0
32,74,3,0
32,74,4,0
32,74,5,0
32,74,6,0
32,74,7,0
32,74,8,0
32,74,9,0
32,74,10,0
32,74,11,0
32,75,1,0
32,75,2,0
32,75,3,0
32,75,4,0
32,77,1,0
32,77,2,0
32,77,3,0
32,77,4,0
32,77,5,0
32,78,1,0
32,78,2,0
32,78,3,0
33,1,1,536
33,1,2,536
33,1,3,536
33,1,4,534
33,2,1,510
33,2,2,510
33,2,3,510
33,3,1,559
33,3,2,559
33,4,1,541
33,4,2,541
33,5,1,464
33,6,1,469
33,6,2,469
33,6,3,469
33,7,1,550
33,7,2,550
33,7,3,550
33,7,4,552
33,8,1,448
33,8,2,448
33,8,3,448
33,8,4,448
33,9,1,557
33,10,1,544
33,10,2,544
33,10,3,544
33,10,4,544
33,10,5,546
33,11,1,483
33,11,2,483
33,12,1,512
33,12,2,512
33,12,3,512
33,12,4,512
33,13,1,477
33,13,2,477
33,13,3,477
33,13,4,477
33,14,1,398
33,14,2,398
33,15,1,549
33,15,2,549
33,15,3,549
33,15,4,548
33,16,1,337
33,17,1,464
33,17,2,464
33,18,1,515
33,18,2,515
33,18,3,514
33,19,1,540
33,19,2,540
33,19,3,540
33,19,4,540
33,19,5,538
33,20,1,436
33,20,2,437
33,74,1,0
33,74,2,0
33,74,3,0
33,74,4,0
33,74,5,0
33,74,6,0
33,74,7,0
33,74,8,0
33,74,9,0
33,74,10,0
33,74,11,0
33,74,12,0
33,75,1,0
33,75,2,0
33,75,3,0
33,75,4,0
33,75,5,0
33,77,1,0
33,77,2,0
33,77,3,0
33,77,4,0
33,77,5,0
33,78,1,0
33,78,2,0
33,78,3,0
34,1,1,350
34,1,2,351
34,2,1,437
34,2,2,437
34,2,3,438
34,3,1,306
34,3,2,307
34,4,1,422
34,4,2,422
34,4,3,423
34,5,1,415
34,5,2,415
34,5,3,414
34,6,1,513
34,7,1,339
34,7,2,339
34,8,1,423
34,8,2,423
34,9,1,562
34,74,1,0
34,74,2,0
34,74,3,0
34,74,4,0
34,75,1,0
34,77,1,0
34,77,2,0
34,77,3,0
34,77,4,0
34,77,5,0
34,78,1,0
34,78,2,0
34,78,3,0
34,79,1,0
34,79,2,0
35,1,1,555
35,1,2,555
35,1,3,556
35,2,1,543
35,2,2,543
35,2,3,543
35,3,1,543
35,3,2,543
35,3,3,543
35,3,4,542
35,4,1,614
35,4,2,614
35,5,1,442
35,5,2,442
35,5,3,442
35,5,4,441
35,6,1,506
35,6,2,506
35,6,3,507
35,7,1,479
35,7,2,479
35,8,1,605
35,8,2,605
35,8,3,605
35,8,4,605
35,8,5,605
35,8,6,605
35,9,1,511
35,9,2,511
35,9,3,510
35,10,1,468
35,10,2,468
35,10,3,469
35,11,1,569
35,11,2,569
35,11,3,569
35,11,4,570
35,12,1,591
35,12,2,591
35,12,3,591
35,12,4,591
35,12,5,591
35,12,6,591
35,13,1,423
35,13,2,423
35,13,3,422
35,14,1,500
35,14,2,500
35,14,3,499
35,15,1,561
35,15,2,561
35,15,3,561
35,15,4,560
35,16,1,437
35,16,2,437
35,16,3,438
35,17,1,533
35,17,2,533
35,17,3,533
35,17,4,533
35,17,5,533
35,18,1,414
35,18,2,414
35,18,3,414
35,19,1,600
35,19,2,600
35,19,3,600
35,19,4,598
35,74,1,0
35,74,2,0
35,74,3,0
35,74,4,0
35,74,5,0
35,74,6,0
35,74,7,0
35,74,8,0
35,74,9,0
35,74,10,0
35,74,11,0
35,74,12,0
35,74,13,0
35,75,1,0
35,75,2,0
35,77,1,0
35,77,2,0
35,77,3,0
35,77,4,0
35,77,5,0
35,78,1,0
35,78,2,0
35,78,3,0
35,79,1,0
35,79,2,0
35,80,1,0
36,1,1,394
36,1,2,395
36,2,1,481
36,2,2,481
36,2,3,481
36,2,4,481
36,2,5,480
36,3,1,494
36,3,2,494
36,3,3,494
36,3,4,495
36,4,1,518
36,4,2,518
36,4,3,518
36,4,4,518
36,4,5,519
36,5,1,567
36,5,2,567
36,5,3,567
36,5,4,567
36,5,5,567
36,5,6,566
36,6,1,550
36,6,2,550
36,6,3,550
36,6,4,550
36,6,5,550
36,6,6,550
36,6,7,549
36,7,1,599
36,7,2,599
36,7,3,598
36,8,1,477
36,8,2,477
36,8,3,478
36,9,1,551
36,9,2,551
36,9,3,551
36,9,4,551
36,9,5,553
36,10,1,395
36,10,2,395
36,11,1,434
36,11,2,434
36,11,3,434
36,11,4,436
36,74,1,0
36,74,2,0
36,74,3,0
36,74,4,0
36,74,5,0
36,74,6,0
36,74,7,0
36,74,8,0
36,74,9,0
36,74,10,0
36,74,11,0
36,74,12,0
36,74,13,0
36,74,14,0
36,74,15,0
36,74,16,0
36,74,17,0
36,74,18,0
36,74,19,0
36,74,20,0
36,74,21,0
36,75,1,0
36,75,2,0
36,77,1,0
36,77,2,0
36,77,3,0
36,77,4,0
36,77,5,0
36,78,1,0
36,78,2,0
36,78,3,0
36,79,1,0
37,1,1,376
37,1,2,377
37,2,1,416
37,2,2,415
37,3,1,498
37,3,2,498
37,3,3,498
37,3,4,500
37,74,1,0
37,74,2,0
37,74,3,0
37,74,4,0
37,75,1,0
37,75,2,0
37,77,1,0
37,77,2,0
37,77,3,0
37,77,4,0
37,77,5,0
37,78,1,0
37,78,2,0
37,78,3,0
37,79,1,0
38,1,1,438
38,1,2,438
38,1,3,437
38,2,1,503
38,2,2,503
38,2,3,503
38,2,4,502
38,3,1,468
38,3,2,468
38,3,3,469
38,4,1,514
38,4,2,514
38,4,3,514
38,4,4,515
38,5,1,527
38,5,2,527
38,5,3,527
38,5,4,527
38,5,5,527
38,5,6,529
38,6,1,528
38,6,2,528
38,6,3,528
38,6,4,528
38,6,5,530
38,7,1,461
38,7,2,461
38,7,3,462
38,8,1,430
38,8,2,430
38,9,1,444
38,9,2,445
38,10,1,524
38,10,2,524
38,10,3,524
38,10,4,524
38,11,1,498
38,11,2,499
38,12,1,559
38,12,2,559
38,12,3,560
38,13,1,500
38,13,2,500
38,13,3,500
38,13,4,500
38,13,5,500
38,14,1,427
38,14,2,427
38,14,3,427
38,14,4,427
38,15,1,570
38,15,2,569
38,16,1,578
38,16,2,578
38,16,3,578
38,16,4,579
38,17,1,409
38,17,2,409
38,17,3,409
38,74,1,0
38,74,2,0
38,74,3,0
38,74,4,0
38,74,5,0
38,74,6,0
38,74,7,0
38,74,8,0
38,74,9,0
38,75,1,0
38,75,2,0
38,75,3,0
38,77,1,0
38,77,2,0
38,77,3,0
38,77,4,0
38,77,5,0
38,78,1,0
38,78,2,0
38,78,3,0
38,79,1,0
39,1,1,566
39,1,2,567
39,2,1,502
39,2,2,502
39,2,3,502
39,2,4,502
39,2,5,501
39,3,1,430
39,3,2,429
39,4,1,531
39,4,2,531
39,4,3,531
39,4,4,532
39,5,1,477
39,5,2,477
39,5,3,477
39,5,4,477
39,5,5,477
39,6,1,461
39,6,2,461
39,6,3,462
39,7,1,500
39,74,1,0
39,74,2,0
39,74,3,0
39,74,4,0
39,74,5,0
39,74,6,0
39,74,7,0
39,75,1,0
39,77,1,0
39,77,2,0
39,77,3,0
39,77,4,0
39,77,5,0
39,78,1,0
39,78,2,0
39,78,3,0
39,79,1,0
40,1,1,521
40,2,1,430
40,3,1,553
40,3,2,553
40,3,3,553
40,3,4,553
40,3,5,552
40,4,1,493
40,5,1,421
40,5,2,421
40,5,3,422
40,6,1,540
40,6,2,540
40,6,3,540
40,6,4,539
40,7,1,588
40,7,2,588
40,7,3,588
40,7,4,588
40,7,5,588
40,7,6,585
40,8,1,402
40,8,2,402
40,8,3,403
40,9,1,570
40,9,2,569
40,10,1,457
40,11,1,479
40,12,1,611
40,12,2,611
40,12,3,611
40,13,1,494
40,13,2,494
40,14,1,492
40,14,2,492
40,14,3,492
40,14,4,492
40,14,5,494
40,74,1,0
40,74,2,0
40,74,3,0
40,74,4,0
40,74,5,0
40,75,1,0
40,75,2,0
40,77,1,0
40,77,2,0
40,77,3,0
40,77,4,0
40,77,5,0
40,78,1,0
40,78,2,0
40,78,3,0
40,79,1,0
41,1,1,533
41,1,2,533
41,1,3,533
41,1,4,534
41,74,1,0
41,75,1,0
41,77,1,0
41,77,2,0
41,77,3,0
41,77,4,0
41,77,5,0
41,78,1,0
41,78,2,0
41,78,3,0
41,79,1,0
42,1,1,577
42,1,2,577
42,1,3,577
42,1,4,577
42,1,5,577
42,1,6,577
42,1,7,577
42,2,1,493
42,2,2,493
42,2,3,492
42,3,1,551
42,3,2,551
42,4,1,595
42,4,2,595
42,4,3,595
42,4,4,594
42,5,1,602
42,5,2,602
42,5,3,601
42,6,1,502
42,6,2,503
42,7,1,457
42,7,2,457
42,7,3,457
42,8,1,537
42,8,2,537
42,8,3,537
42,8,4,538
42,9,1,651
42,9,2,651
42,9,3,650
42,10,1,530
42,10,2,530
42,11,1,549
42,11,2,549
42,11,3,549
42,11,4,549
42,12,1,405
42,12,2,405
42,12,3,404
42,13,1,481
42,13,2,481
42,14,1,631
42,14,2,631
42,14,3,631
42,15,1,450
42,15,2,450
42,15,3,450
42,15,4,452
42,16,1,572
42,16,2,572
42,16,3,572
42,16,4,572
42,16,5,572
42,17,1,599
42,17,2,599
42,17,3,599
42,17,4,598
42,18,1,487
42,18,2,487
42,18,3,488
42,19,1,617
42,19,2,617
42,19,3,617
42,19,4,617
42,19,5,618
42,20,1,550
42,20,2,550
42,21,1,474
42,21,2,474
42,21,3,473
42,22,1,605
42,23,1,342
42,23,2,341
42,24,1,522
42,25,1,345
42,25,2,345
42,26,1,570
42,26,2,570
42,26,3,570
42,26,4,570
42,26,5,570
42,26,6,570
42,27,1,637
42,27,2,637
42,27,3,637
42,27,4,638
42,28,1,407
42,28,2,407
42,74,1,0
42,74,2,0
42,74,3,0
42,74,4,0
42,74,5,0
42,74,6,0
42,75,1,0
42,75,2,0
42,75,3,0
42,75,4,0
42,77,1,0
42,77,2,0
42,77,3,0
42,77,4,0
42,77,5,0
42,78,1,0
42,78,2,0
42,78,3,0
42,79,1,0
43,1,1,466
43,1,2,466
43,2,1,472
43,2,2,472
43,3,1,234
43,4,1,449
43,5,1,368
43,5,2,367
43,6,1,560
43,6,2,560
43,7,1,456
43,7,2,456
43,7,3,457
43,74,1,0
43,74,2,0
43,75,1,0
43,75,2,0
43,77,1,0
43,77,2,0
43,77,3,0
43,77,4,0
43,77,5,0
43,78,1,0
43,78,2,0
43,78,3,0
43,79,1,0
44,1,1,482
44,2,1,324
44,2,2,325
44,3,1,499
44,3,2,499
44,4,1,352
44,4,2,351
44,5,1,531
44,5,2,531
44,5,3,531
44,5,4,530
44,6,1,340
44,6,2,341
44,7,1,354
44,7,2,354
44,8,1,544
44,8,2,544
44,8,3,544
44,8,4,542
44,9,1,404
44,9,2,404
44,10,1,513
44,10,2,513
44,10,3,513
44,10,4,513
44,10,5,513
44,10,6,514
44,11,1,438
44,11,2,438
44,12,1,518
44,12,2,518
44,12,3,517
44,13,1,512
44,13,2,512
44,13,3,512
44,13,4,510
44,74,1,0
44,74,2,0
44,74,3,0
44,74,4,0
44,74,5,0
44,75,1,0
44,75,2,0
44,75,3,0
44,75,4,0
44,75,5,0
44,77,1,0
44,77,2,0
44,77,3,0
44,77,4,0
44,77,5,0
44,78,1,0
44,78,2,0
44,78,3,0
44,79,1,0
44,79,2,0
45,1,1,553
45,2,1,540
45,2,2,540
45,2,3,540
45,2,4,541
45,3,1,453
45,3,2,453
45,3,3,453
45,3,4,453
45,4,1,508
45,4,2,508
45,4,3,509
45,5,1,481
45,5,2,481
45,5,3,481
45,5,4,482
45,6,1,534
45,6,2,534
45,6,3,534
45,6,4,532
45,7,1,567
45,7,2,567
45,8,1,473
45,74,1,0
45,74,2,0
45,74,3,0
45,74,4,0
45,75,1,0
45,75,2,0
45,77,1,0
45,77,2,0
45,77,3,0
45,77,4,0
45,77,5,0
45,78,1,0
45,78,2,0
45,78,3,0
46,1,1,550
46,1,2,550
46,1,3,550
46,1,4,552
46,2,1,518
46,2,2,519
46,3,1,470
46,3,2,470
46,3,3,470
46,3,4,468
46,4,1,559
46,4,2,559
46,4,3,559
46,4,4,559
46,4,5,559
46,4,6,559
46,4,7,559
46,4,8,559
46,4,9,557
46,5,1,551
46,5,2,551
46,5,3,551
46,5,4,551
46,5,5,551
46,5,6,551
46,5,7,551
46,5,8,551
46,5,9,553
46,6,1,478
46,6,2,478
46,6,3,478
46,6,4,478
46,7,1,598
46,7,2,598
46,7,3,598
46,7,4,598
46,7,5,598
46,7,6,598
46,7,7,595
46,8,1,459
46,8,2,459
46,8,3,459
46,8,4,458
46,9,1,520
46,9,2,519
46,10,1,525
46,10,2,525
46,10,3,525
46,10,4,525
46,10,5,525
46,10,6,525
46,10,7,528
46,11,1,540
46,11,2,540
46,11,3,540
46,11,4,540
46,11,5,540
46,11,6,541
46,74,1,0
46,74,2,0
46,74,3,0
46,74,4,0
46,74,5,0
46,74,6,0
46,74,7,0
46,74,8,0
46,74,9,0
46,74,10,0
46,74,11,0
46,74,12,0
46,75,1,0
46,75,2,0
46,75,3,0
46,77,1,0
46,77,2,0
46,77,3,0
46,77,4,0
46,77,5,0
46,78,1,0
46,78,2,0
46,78,3,0
47,1,1,426
47,1,2,426
47,1,3,427
47,2,1,560
47,2,2,560
47,2,3,559
47,3,1,410
47,3,2,410
47,3,3,410
47,4,1,460
47,4,2,460
47,4,3,459
47,5,1,422
47,6,1,487
47,6,2,487
47,6,3,487
47,7,1,576
47,8,1,413
47,8,2,413
47,8,3,412
47,9,1,628
47,9,2,628
47,9,3,628
47,10,1,324
47,10,2,325
47,11,1,379
47,11,2,379
47,12,1,416
47,12,2,415
47,13,1,498
47,13,2,499
47,14,1,438
47,14,2,438
47,14,3,438
47,14,4,436
47,74,1,0
47,74,2,0
47,74,3,0
47,74,4,0
47,74,5,0
47,75,1,0
47,77,1,0
47,77,2,0
47,77,3,0
47,77,4,0
47,77,5,0
47,78,1,0
47,78,2,0
47,78,3,0
47,79,1,0
48,1,1,439
48,1,2,439
48,1,3,439
48,2,1,415
48,2,2,415
48,2,3,415
48,3,1,441
48,3,2,441
48,3,3,440
48,4,1,394
48,5,1,393
48,6,1,464
48,6,2,464
48,6,3,463
48,7,1,428
48,7,2,427
48,8,1,420
48,8,2,419
48,9,1,577
48,9,2,577
48,9,3,578
48,10,1,374
48,10,2,374
48,11,1,377
48,12,1,496
48,12,2,496
48,13,1,550
48,13,2,550
48,13,3,550
48,14,1,368
48,74,1,0
48,74,2,0
48,74,3,0
48,74,4,0
48,74,5,0
48,74,6,0
48,74,7,0
48,75,1,0
48,77,1,0
48,77,2,0
48,77,3,0
48,77,4,0
48,77,5,0
48,78,1,0
48,78,2,0
48,78,3,0
48,79,1,0
48,79,2,0
48,80,1,0
48,80,2,0
49,1,1,546
49,1,2,546
49,1,3,546
49,1,4,546
49,1,5,546
49,1,6,546
49,1,7,546
49,1,8,546
49,2,1,523
49,2,2,523
49,2,3,523
49,2,4,523
49,2,5,523
49,2,6,523
49,2,7,526
49,3,1,537
49,3,2,537
49,3,3,537
49,3,4,537
49,3,5,537
49,3,6,537
49,3,7,536
49,4,1,536
49,4,2,536
49,4,3,536
49,4,4,536
49,4,5,536
49,4,6,536
49,4,7,538
49,5,1,588
49,5,2,587
49,74,1,0
49,74,2,0
49,74,3,0
49,74,4,0
49,74,5,0
49,74,6,0
49,74,7,0
49,75,1,0
49,75,2,0
49,77,1,0
49,77,2,0
49,77,3,0
49,77,4,0
49,77,5,0
49,78,1,0
49,78,2,0
49,78,3,0
49,79,1,0
50,1,1,409
50,1,2,409
50,1,3,408
50,2,1,427
50,2,2,427
50,2,3,427
50,2,4,428
50,3,1,571
50,4,1,247
50,5,1,407
50,6,1,316
50,6,2,315
50,74,1,0
50,74,2,0
50,74,3,0
50,74,4,0
50,74,5,0
50,74,6,0
50,74,7,0
50,75,1,0
50,77,1,0
50,77,2,0
50,77,3,0
50,77,4,0
50,77,5,0
50,78,1,0
50,78,2,0
50,78,3,0
51,1,1,388
51,1,2,389
51,2,1,159
51,3,1,248
51,3,2,247
51,4,1,468
51,4,2,468
51,5,1,347
51,6,1,369
51,7,1,552
51,7,2,552
51,7,3,552
51,7,4,552
51,8,1,582
51,8,2,581
51,9,1,598
51,10,1,516
51,10,2,515
51,11,1,518
51,11,2,518
51,11,3,518
51,11,4,518
51,11,5,518
51,74,1,0
51,74,2,0
51,74,3,0
51,75,1,0
51,77,1,0
51,77,2,0
51,77,3,0
51,77,4,0
51,77,5,0
51,78,1,0
51,78,2,0
51,78,3,0
51,79,1,0
52,1,1,206
52,2,1,529
52,3,1,542
52,3,2,542
52,3,3,542
52,4,1,336
52,4,2,335
52,5,1,336
52,5,2,337
52,6,1,442
52,6,2,442
52,7,1,529
52,7,2,529
52,7,3,529
52,7,4,529
52,7,5,529
52,7,6,530
52,8,1,504
52,8,2,504
52,9,1,472
52,9,2,472
52,9,3,472
52,9,4,470
52,10,1,579
52,10,2,579
52,10,3,579
52,11,1,592
52,11,2,592
52,11,3,592
52,12,1,544
52,12,2,544
52,12,3,544
52,12,4,542
52,13,1,447
52,13,2,447
52,13,3,447
52,74,1,0
52,74,2,0
52,74,3,0
52,74,4,0
52,74,5,0
52,75,1,0
52,75,2,0
52,77,1,0
52,77,2,0
52,77,3,0
52,77,4,0
52,77,5,0
52,78,1,0
52,78,2,0
52,78,3,0
53,1,1,533
53,1,2,533
53,1,3,533
53,1,4,533
53,1,5,532
53,2,1,464
53,2,2,464
53,2,3,464
53,2,4,466
53,3,1,489
53,3,2,489
53,3,3,489
53,3,4,489
53,4,1,533
53,4,2,533
53,4,3,533
53,4,4,533
53,4,5,533
53,4,6,532
53,5,1,497
53,5,2,497
53,5,3,497
53,5,4,498
53,6,1,562
53,6,2,562
53,6,3,562
53,6,4,562
53,6,5,562
53,7,1,302
53,7,2,303
53,8,1,444
53,8,2,445
53,9,1,595
53,9,2,595
53,10,1,540
53,11,1,550
53,11,2,551
53,12,1,278
53,12,2,277
53,13,1,534
53,13,2,534
53,13,3,534
53,13,4,534
53,13,5,534
53,13,6,535
53,74,1,0
53,74,2,0
53,74,3,0
53,74,4,0
53,74,5,0
53,74,6,0
53,74,7,0
53,74,8,0
53,74,9,0
53,74,10,0
53,74,11,0
53,74,12,0
53,74,13,0
53,74,14,0
53,75,1,0
53,75,2,0
53,75,3,0
53,77,1,0
53,77,2,0
53,77,3,0
53,77,4,0
53,77,5,0
53,78,1,0
53,78,2,0
53,78,3,0
53,78,4,0
54,1,1,437
54,1,2,437
54,2,1,558
54,2,2,558
54,2,3,558
54,3,1,491
54,3,2,491
54,3,3,491
54,3,4,490
54,4,1,599
54,5,1,442
54,5,2,442
54,5,3,443
54,6,1,471
54,6,2,471
54,6,3,471
54,6,4,470
54,7,1,604
54,7,2,604
54,7,3,604
54,7,4,604
54,7,5,602
54,8,1,475
54,8,2,475
54,8,3,474
54,9,1,522
54,9,2,521
54,10,1,418
54,11,1,360
54,12,1,556
54,13,1,525
54,14,1,552
54,14,2,551
54,15,1,419
54,15,2,419
54,16,1,346
54,16,2,346
54,17,1,549
54,17,2,549
54,17,3,549
54,18,1,576
54,18,2,576
54,19,1,504
54,19,2,505
54,20,1,338
54,20,2,338
54,74,1,0
54,74,2,0
54,74,3,0
54,74,4,0
54,75,1,0
54,77,1,0
54,77,2,0
54,77,3,0
54,77,4,0
54,77,5,0
54,78,1,0
54,78,2,0
54,78,3,0
54,79,1,0
54,80,1,0
55,1,1,352
55,2,1,532
55,2,2,533
55,3,1,452
55,4,1,381
55,4,2,381
55,5,1,520
55,5,2,521
55,6,1,457
55,6,2,457
55,7,1,298
55,7,2,298
55,8,1,464
55,8,2,463
55,9,1,450
55,9,2,450
55,9,3,451
55,10,1,508
55,10,2,508
55,10,3,508
55,10,4,509
55,11,1,468
55,11,2,469
55,12,1,562
55,12,2,562
55,12,3,562
55,12,4,562
55,12,5,562
55,12,6,562
55,12,7,560
55,74,1,0
55,74,2,0
55,74,3,0
55,74,4,0
55,75,1,0
55,75,2,0
55,75,3,0
55,75,4,0
55,77,1,0
55,77,2,0
55,77,3,0
55,77,4,0
55,77,5,0
55,78,1,0
55,78,2,0
55,78,3,0
56,1,1,461
56,1,2,461
56,1,3,462
56,2,1,422
56,3,1,500
56,3,2,500
56,3,3,501
56,4,1,450
56,4,2,450
56,4,3,450
56,4,4,450
56,4,5,448
56,74,1,0
56,74,2,0
56,75,1,0
56,77,1,0
56,77,2,0
56,77,3,0
56,77,4,0
56,77,5,0
56,78,1,0
56,78,2,0
56,78,3,0
57,1,1,385
57,1,2,385
57,2,1,511
57,3,1,421
57,3,2,421
57,3,3,420
57,4,1,473
57,4,2,473
57,4,3,473
57,4,4,472
57,5,1,538
57,6,1,257
57,7,1,427
57,7,2,427
57,7,3,427
57,74,1,0
57,75,1,0
57,77,1,0
57,77,2,0
57,77,3,0
57,77,4,0
57,77,5,0
57,78,1,0
57,78,2,0
57,78,3,0
58,1,1,400
58,1,2,401
58,2,1,350
58,3,1,440
58,3,2,440
58,3,3,440
58,3,4,439
58,4,1,442
58,4,2,443
58,5,1,579
58,5,2,579
58,5,3,580
58,6,1,509
58,6,2,509
58,6,3,509
58,6,4,509
58,7,1,493
58,7,2,493
58,7,3,493
58,7,4,493
58,7,5,492
58,8,1,516
58,8,2,515
58,9,1,239
58,10,1,470
58,10,2,470
58,11,1,483
58,11,2,483
58,11,3,484
58,12,1,276
58,13,1,459
58,14,1,350
58,14,2,351
58,74,1,0
58,74,2,0
58,74,3,0
58,75,1,0
58,75,2,0
58,77,1,0
58,77,2,0
58,77,3,0
58,77,4,0
58,77,5,0
58,78,1,0
58,78,2,0
58,78,3,0
59,1,1,297
59,2,1,220
59,3,1,483
59,3,2,483
59,3,3,483
59,3,4,483
59,4,1,592
59,5,1,456
59,6,1,603
59,6,2,603
59,6,3,603
59,6,4,604
59,7,1,543
59,7,2,543
59,8,1,566
59,8,2,566
59,8,3,566
59,8,4,567
59,9,1,491
59,10,1,482
59,10,2,482
59,10,3,482
59,10,4,482
59,10,5,482
59,11,1,388
59,12,1,484
59,12,2,484
59,13,1,171
59,14,1,503
59,15,1,452
59,15,2,453
59,16,1,477
59,16,2,477
59,16,3,477
59,74,1,0
59,74,2,0
59,74,3,0
59,75,1,0
59,77,1,0
59,77,2,0
59,77,3,0
59,77,4,0
59,77,5,0
59,78,1,0
59,78,2,0
59,78,3,0
60,1,1,495
60,1,2,495
60,2,1,577
60,2,2,577
60,2,3,577
60,2,4,577
60,3,1,602
60,3,2,603
60,4,1,529
60,4,2,529
60,4,3,529
60,4,4,529
60,4,5,529
60,4,6,530
60,5,1,538
60,5,2,538
60,5,3,538
60,5,4,538
60,5,5,540
60,6,1,415
60,74,1,0
60,74,2,0
60,75,1,0
60,75,2,0
60,75,3,0
60,75,4,0
60,77,1,0
60,77,2,0
60,77,3,0
60,77,4,0
60,77,5,0
60,78,1,0
60,78,2,0
60,78,3,0
61,1,1,547
61,1,2,547
61,1,3,547
61,1,4,548
61,2,1,508
61,2,2,508
61,2,3,508
61,3,1,525
61,3,2,525
61,3,3,525
61,3,4,525
61,3,5,525
61,3,6,525
61,3,7,526
61,4,1,414
61,4,2,414
61,5,1,488
61,5,2,489
61,6,1,564
61,6,2,564
61,6,3,565
61,7,1,558
61,7,2,558
61,8,1,576
61,8,2,575
61,9,1,666
61,9,2,666
61,10,1,506
61,10,2,506
61,10,3,505
61,11,1,490
61,11,2,490
61,11,3,490
61,11,4,488
61,12,1,670
61,12,2,670
61,12,3,670
61,12,4,668
61,13,1,585
61,13,2,585
61,13,3,585
61,13,4,585
61,13,5,585
61,13,6,586
61,14,1,589
61,14,2,589
61,14,3,589
61,14,4,589
61,14,5,587
61,15,1,400
61,15,2,400
61,15,3,399
61,16,1,565
61,16,2,565
61,16,3,565
61,16,4,565
61,16,5,565
61,16,6,564
61,17,1,524
61,17,2,524
61,17,3,524
61,18,1,537
61,18,2,537
61,18,3,537
61,18,4,537
61,18,5,535
61,19,1,394
61,19,2,394
61,20,1,565
61,20,2,565
61,21,1,532
61,21,2,532
61,21,3,532
61,21,4,532
61,21,5,532
61,21,6,532
61,21,7,530
61,22,1,508
61,22,2,508
61,22,3,508
61,22,4,506
61,23,1,687
61,23,2,687
61,24,1,509
61,24,2,509
61,24,3,509
61,24,4,510
61,25,1,472
61,25,2,472
61,25,3,471
61,26,1,697
61,26,2,697
61,26,3,696
61,27,1,689
61,27,2,689
61,27,3,689
61,27,4,688
61,28,1,489
61,28,2,489
61,28,3,488
61,29,1,725
61,29,2,725
61,29,3,726
61,74,1,0
61,74,2,0
61,74,3,0
61,74,4,0
61,74,5,0
61,74,6,0
61,74,7,0
61,74,8,0
61,74,9,0
61,75,1,0
61,77,1,0
61,77,2,0
61,77,3,0
61,77,4,0
61,77,5,0
61,78,1,0
61,78,2,0
61,78,3,0
61,79,1,0
61,79,2,0
62,1,1,651
62,2,1,40
62,3,1,555
62,4,1,580
62,4,2,580
62,4,3,580
62,4,4,580
62,4,5,580
62,4,6,580
62,4,7,581
62,5,1,454
62,5,2,455
62,6,1,277
62,7,1,590
62,8,1,390
62,8,2,390
62,9,1,511
62,9,2,511
62,9,3,511
62,9,4,511
62,9,5,512
62,10,1,571
62,11,1,570
62,11,2,570
62,11,3,570
62,11,4,570
62,11,5,572
62,12,1,447
62,12,2,447
62,13,1,518
62,13,2,518
62,13,3,517
62,14,1,503
62,14,2,503
62,14,3,503
62,15,1,428
62,15,2,429
62,16,1,501
62,16,2,501
62,16,3,501
62,16,4,501
62,16,5,502
62,17,1,569
62,17,2,569
62,17,3,570
62,18,1,569
62,18,2,569
62,18,3,569
62,18,4,569
62,18,5,569
62,18,6,569
62,18,7,569
62,18,8,568
62,19,1,397
62,19,2,397
62,19,3,398
62,20,1,522
62,20,2,522
62,20,3,522
62,74,1,0
62,74,2,0
62,74,3,0
62,74,4,0
62,74,5,0
62,75,1,0
62,75,2,0
62,75,3,0
62,75,4,0
62,75,5,0
62,77,1,0
62,77,2,0
62,77,3,0
62,77,4,0
62,77,5,0
62,78,1,0
62,78,2,0
62,78,3,0
63,1,1,299
63,2,1,442
63,2,2,442
63,2,3,442
63,3,1,612
63,3,2,612
63,3,3,612
63,3,4,612
63,3,5,612
63,4,1,452
63,4,2,453
63,5,1,612
63,5,2,612
63,5,3,612
63,5,4,612
63,5,5,614
63,6,1,498
63,7,1,502
63,7,2,502
63,7,3,502
63,7,4,504
63,8,1,348
63,9,1,431
63,9,2,431
63,9,3,432
63,10,1,597
63,10,2,597
63,10,3,597
63,10,4,597
63,10,5,596
63,11,1,535
63,11,2,535
63,11,3,535
63,11,4,535
63,11,5,537
63,12,1,519
63,12,2,519
63,12,3,519
63,13,1,355
63,13,2,355
63,74,1,0
63,74,2,0
63,74,3,0
63,75,1,0
63,77,1,0
63,77,2,0
63,77,3,0
63,77,4,0
63,77,5,0
63,78,1,0
63,78,2,0
63,78,3,0
64,1,1,456
64,1,2,456
64,1,3,457
64,2,1,597
64,2,2,597
64,2,3,597
64,3,1,593
64,3,2,593
64,3,3,593
64,3,4,593
64,3,5,593
64,3,6,592
64,4,1,562
64,4,2,562
64,4,3,562
64,4,4,562
64,4,5,562
64,4,6,562
64,4,7,563
64,74,1,0
64,74,2,0
64,75,1,0
64,75,2,0
64,77,1,0
64,77,2,0
64,77,3,0
64,77,4,0
64,77,5,0
64,78,1,0
64,78,2,0
64,78,3,0
65,1,1,466
65,1,2,466
65,1,3,465
65,2,1,202
65,3,1,487
65,3,2,487
65,3,3,487
65,3,4,487
65,3,5,488
65,4,1,454
65,4,2,455
65,5,1,456
65,6,1,433
65,6,2,433
65,7,1,461
65,7,2,461
65,7,3,461
65,7,4,462
65,8,1,473
65,8,2,473
65,9,1,379
65,10,1,541
65,11,1,514
65,11,2,515
65,12,1,557
65,12,2,557
65,12,3,557
65,12,4,557
65,12,5,555
65,13,1,423
65,13,2,423
65,13,3,423
65,13,4,424
65,14,1,495
65,14,2,495
65,15,1,468
65,15,2,468
65,15,3,468
65,15,4,468
65,15,5,470
65,16,1,382
65,16,2,382
65,16,3,382
65,17,1,212
65,74,1,0
65,74,2,0
65,74,3,0
65,75,1,0
65,77,1,0
65,77,2,0
65,77,3,0
65,77,4,0
65,77,5,0
65,78,1,0
65,78,2,0
65,78,3,0
65,79,1,0
66,1,1,356
66,1,2,355
66,2,1,560
66,2,2,559
66,3,1,468
66,3,2,468
66,4,1,507
66,4,2,507
66,4,3,506
66,5,1,426
66,6,1,551
66,6,2,551
66,6,3,551
66,7,1,507
66,7,2,507
66,7,3,507
66,7,4,507
66,8,1,351
66,8,2,351
66,9,1,305
66,9,2,305
66,10,1,316
66,10,2,316
66,11,1,153
66,12,1,340
66,12,2,341
66,13,1,407
66,14,1,558
66,15,1,533
66,15,2,533
66,15,3,533
66,15,4,533
66,15,5,534
66,16,1,475
66,16,2,475
66,16,3,475
66,16,4,475
66,16,5,473
66,17,1,488
66,17,2,489
66,74,1,0
66,74,2,0
66,74,3,0
66,75,1,0
66,75,2,0
66,75,3,0
66,77,1,0
66,77,2,0
66,77,3,0
66,77,4,0
66,77,5,0
66,78,1,0
66,78,2,0
66,78,3,0
67,1,1,458
67,1,2,458
67,1,3,458
67,2,1,429
67,2,2,429
67,2,3,428
67,3,1,473
67,3,2,473
67,4,1,388
67,4,2,389
67,5,1,450
67,5,2,450
67,6,1,614
67,6,2,614
67,6,3,614
67,6,4,616
67,7,1,555
67,7,2,555
67,7,3,554
67,8,1,413
67,8,2,413
67,9,1,512
67,9,2,512
67,9,3,512
67,9,4,512
67,9,5,512
67,9,6,512
67,9,7,512
67,9,8,513
67,10,1,570
67,10,2,570
67,10,3,569
67,74,1,0
67,74,2,0
67,74,3,0
67,74,4,0
67,74,5,0
67,75,1,0
67,75,2,0
67,75,3,0
67,77,1,0
67,77,2,0
67,77,3,0
67,77,4,0
67,77,5,0
67,78,1,0
67,78,2,0
67,78,3,0
68,1,1,489
68,1,2,489
68,2,1,463
68,2,2,463
68,3,1,447
68,3,2,447
68,3,3,446
68,4,1,375
68,4,2,375
68,5,1,402
68,5,2,403
68,6,1,432
68,6,2,433
68,7,1,466
68,7,2,466
68,7,3,466
68,8,1,486
68,9,1,392
68,9,2,393
68,10,1,435
68,10,2,435
68,10,3,436
68,11,1,478
68,11,2,478
68,11,3,478
68,74,1,0
68,74,2,0
68,74,3,0
68,75,1,0
68,75,2,0
68,75,3,0
68,77,1,0
68,77,2,0
68,77,3,0
68,77,4,0
68,77,5,0
68,78,1,0
68,78,2,0
68,78,3,0
69,1,1,523
69,1,2,523
69,1,3,523
69,1,4,523
69,1,5,523
69,1,6,525
69,2,1,623
69,2,2,623
69,2,3,623
69,3,1,569
69,3,2,569
69,3,3,569
69,3,4,569
69,3,5,571
69,4,1,589
69,4,2,589
69,4,3,589
69,4,4,589
69,5,1,519
69,5,2,519
69,5,3,519
69,5,4,519
69,5,5,518
69,6,1,491
69,6,2,491
69,6,3,491
69,6,4,491
69,7,1,443
69,7,2,443
69,7,3,443
69,8,1,565
69,8,2,565
69,8,3,565
69,8,4,565
69,8,5,564
69,74,1,0
69,74,2,0
69,74,3,0
69,74,4,0
69,75,1,0
69,75,2,0
69,75,3,0
69,75,4,0
69,77,1,0
69,77,2,0
69,77,3,0
69,77,4,0
69,77,5,0
69,78,1,0
69,78,2,0
69,78,3,0
70,1,1,533
70,1,2,533
70,1,3,533
70,1,4,533
70,1,5,533
70,1,6,533
70,2,1,505
70,2,2,505
70,2,3,505
70,2,4,505
70,2,5,505
70,3,1,396
70,3,2,396
70,4,1,514
70,4,2,514
70,4,3,514
70,4,4,514
70,4,5,514
70,4,6,514
70,4,7,514
70,5,1,483
70,5,2,483
70,5,3,483
70,5,4,483
70,6,1,539
70,7,1,472
70,7,2,471
70,8,1,352
70,8,2,352
70,9,1,535
70,10,1,525
70,10,2,525
70,11,1,434
70,11,2,433
70,74,1,0
70,74,2,0
70,74,3,0
70,74,4,0
70,74,5,0
70,74,6,0
70,74,7,0
70,75,1,0
70,75,2,0
70,77,1,0
70,77,2,0
70,77,3,0
70,77,4,0
70,77,5,0
70,78,1,0
70,78,2,0
70,78,3,0
71,1,1,550
71,1,2,550
71,1,3,550
71,1,4,551
71,2,1,584
71,2,2,584
71,2,3,583
71,74,1,0
71,74,2,0
71,74,3,0
71,75,1,0
71,77,1,0
71,77,2,0
71,77,3,0
71,77,4,0
71,77,5,0
71,78,1,0
71,78,2,0
71,78,3,0
72,1,1,310
72,2,1,468
72,2,2,467
72,3,1,436
72,3,2,436
72,3,3,435
72,4,1,464
72,4,2,464
72,4,3,464
72,5,1,560
72,5,2,560
72,5,3,560
72,5,4,560
72,5,5,559
72,6,1,487
72,6,2,487
72,6,3,487
72,6,4,487
72,6,5,489
72,7,1,542
72,7,2,542
72,7,3,542
72,7,4,542
72,8,1,506
72,8,2,506
72,8,3,506
72,8,4,506
72,8,5,506
72,8,6,505
72,9,1,442
72,9,2,442
72,9,3,443
72,10,1,496
72,10,2,496
72,10,3,496
72,10,4,495
72,11,1,458
72,11,2,458
72,11,3,458
72,12,1,387
72,12,2,387
72,12,3,386
72,13,1,465
72,13,2,465
72,14,1,563
72,14,2,563
72,14,3,564
72,15,1,559
72,15,2,559
72,15,3,559
72,15,4,559
72,74,1,0
72,74,2,0
72,74,3,0
72,74,4,0
72,74,5,0
72,74,6,0
72,75,1,0
72,75,2,0
72,77,1,0
72,77,2,0
72,77,3,0
72,77,4,0
72,77,5,0
72,78,1,0
72,78,2,0
72,78,3,0
72,79,1,0
73,1,1,524
73,1,2,523
73,2,1,448
73,2,2,448
73,2,3,448
73,3,1,533
73,3,2,533
73,3,3,533
73,3,4,533
73,3,5,532
73,4,1,513
73,4,2,513
73,5,1,447
73,5,2,447
73,5,3,447
73,5,4,447
73,6,1,574
73,6,2,574
73,6,3,574
73,6,4,574
73,6,5,576
73,7,1,555
73,7,2,555
73,7,3,554
73,8,1,487
73,8,2,487
73,8,3,486
73,9,1,531
73,9,2,531
73,9,3,531
73,9,4,531
73,9,5,531
73,9,6,530
73,10,1,437
73,10,2,437
73,10,3,438
73,11,1,480
73,11,2,480
73,11,3,481
73,12,1,500
73,12,2,500
73,12,3,500
73,12,4,500
73,74,1,0
73,74,2,0
73,74,3,0
73,74,4,0
73,74,5,0
73,75,1,0
73,75,2,0
73,77,1,0
73,77,2,0
73,77,3,0
73,77,4,0
73,77,5,0
73,78,1,0
73,78,2,0
73,78,3,0
73,79,1,0
74,1,1,568
74,1,2,568
74,1,3,568
74,1,4,570
74,2,1,440
74,2,2,441
74,3,1,591
74,3,2,591
74,4,1,448
74,4,2,448
74,5,1,556
74,5,2,557
74,6,1,465
74,6,2,465
74,6,3,465
74,7,1,508
74,7,2,508
74,8,1,470
74,8,2,470
74,8,3,469
74,9,1,471
74,9,2,471
74,9,3,471
74,9,4,471
74,10,1,314
74,10,2,315
74,11,1,396
74,11,2,396
74,11,3,396
74,74,1,0
74,74,2,0
74,74,3,0
74,74,4,0
74,74,5,0
74,75,1,0
74,75,2,0
74,75,3,0
74,75,4,0
74,77,1,0
74,77,2,0
74,77,3,0
74,77,4,0
74,77,5,0
74,78,1,0
74,78,2,0
74,78,3,0
75,1,1,589
75,1,2,589
75,1,3,589
75,1,4,589
75,2,1,417
75,2,2,417
75,2,3,418
75,3,1,550
75,3,2,550
75,3,3,549
75,4,1,612
75,4,2,612
75,4,3,612
75,4,4,614
75,5,1,591
75,5,2,591
75,5,3,591
75,5,4,591
75,5,5,592
75,6,1,577
75,6,2,577
75,6,3,578
75,7,1,495
75,7,2,495
75,7,3,495
75,7,4,496
75,74,1,0
75,74,2,0
75,74,3,0
75,75,1,0
75,77,1,0
75,77,2,0
75,77,3,0
75,77,4,0
75,77,5,0
75,78,1,0
75,78,2,0
75,78,3,0
76,1,1,486
76,1,2,486
76,1,3,486
76,1,4,488
76,2,1,534
76,2,2,534
76,2,3,534
76,2,4,534
76,2,5,533
76,3,1,562
76,3,2,562
76,3,3,562
76,4,1,448
76,4,2,448
76,5,1,410
76,5,2,409
76,6,1,472
76,6,2,472
76,6,3,472
76,6,4,472
76,6,5,471
76,7,1,607
76,7,2,607
76,7,3,607
76,7,4,607
76,7,5,606
76,8,1,565
76,8,2,565
76,8,3,565
76,9,1,564
76,9,2,564
76,9,3,564
76,9,4,564
76,9,5,566
76,10,1,422
76,10,2,422
76,11,1,424
76,11,2,424
76,11,3,425
76,12,1,619
76,12,2,619
76,12,3,620
76,13,1,340
76,13,2,339
76,14,1,445
76,14,2,445
76,14,3,446
76,15,1,451
76,15,2,451
76,16,1,551
76,16,2,551
76,16,3,551
76,16,4,551
76,16,5,551
76,17,1,625
76,18,1,307
76,18,2,307
76,74,1,0
76,74,2,0
76,74,3,0
76,75,1,0
76,75,2,0
76,75,3,0
76,77,1,0
76,77,2,0
76,77,3,0
76,77,4,0
76,77,5,0
76,78,1,0
76,78,2,0
76,78,3,0
77,1,1,548
77,1,2,547
77,2,1,446
77,2,2,446
77,2,3,446
77,3,1,543
77,3,2,543
77,3,3,543
77,3,4,544
77,4,1,499
77,4,2,499
77,4,3,498
77,5,1,541
77,5,2,541
77,5,3,542
77,6,1,578
77,6,2,578
77,6,3,579
77,7,1,337
77,7,2,337
77,8,1,574
77,8,2,574
77,8,3,574
77,8,4,574
77,8,5,573
77,9,1,528
77,9,2,528
77,9,3,528
77,9,4,528
77,9,5,527
77,10,1,543
77,10,2,543
77,10,3,544
77,11,1,496
77,11,2,496
77,11,3,497
77,12,1,511
77,12,2,511
77,12,3,511
77,12,4,511
77,13,1,628
77,13,2,628
77,14,1,564
77,14,2,564
77,14,3,565
77,15,1,462
77,15,2,462
77,15,3,462
77,15,4,460
77,16,1,449
77,16,2,449
77,16,3,449
77,17,1,534
77,17,2,533
77,18,1,351
77,19,1,403
77,20,1,335
77,21,1,370
77,22,1,503
77,22,2,503
77,22,3,504
77,74,1,0
77,74,2,0
77,74,3,0
77,74,4,0
77,74,5,0
77,75,1,0
77,75,2,0
77,75,3,0
77,77,1,0
77,77,2,0
77,77,3,0
77,77,4,0
77,77,5,0
77,78,1,0
77,78,2,0
77,78,3,0
78,1,1,546
78,1,2,546
78,1,3,546
78,1,4,546
78,1,5,546
78,2,1,590
78,2,2,590
78,3,1,481
78,3,2,481
78,3,3,481
78,4,1,594
78,4,2,594
78,4,3,594
78,4,4,594
78,4,5,594
78,4,6,594
78,5,1,472
78,6,1,520
78,6,2,520
78,6,3,520
78,6,4,520
78,7,1,510
78,7,2,511
78,8,1,546
78,8,2,546
78,9,1,595
78,9,2,595
78,9,3,595
78,10,1,392
78,10,2,392
78,11,1,352
78,11,2,352
78,11,3,351
78,12,1,452
78,74,1,0
78,74,2,0
78,74,3,0
78,75,1,0
78,75,2,0
78,75,3,0
78,75,4,0
78,77,1,0
78,77,2,0
78,77,3,0
78,77,4,0
78,77,5,0
78,78,1,0
78,78,2,0
78,78,3,0
79,1,1,354
79,1,2,355
79,2,1,423
79,2,2,423
79,3,1,382
79,4,1,453
79,5,1,521
79,6,1,391
79,7,1,392
79,8,1,311
79,9,1,530
79,9,2,530
79,9,3,530
79,9,4,530
79,9,5,530
79,10,1,674
79,10,2,673
79,11,1,497
79,11,2,497
79,11,3,497
79,11,4,497
79,11,5,496
79,12,1,562
79,12,2,562
79,13,1,593
79,13,2,593
79,13,3,592
79,14,1,536
79,14,2,537
79,15,1,426
79,15,2,426
79,15,3,426
79,16,1,436
79,16,2,436
79,16,3,436
79,17,1,581
79,17,2,581
79,17,3,581
79,17,4,581
79,17,5,580
79,18,1,346
79,18,2,345
79,19,1,472
79,19,2,472
79,19,3,472
79,19,4,470
79,20,1,566
79,20,2,566
79,20,3,566
79,20,4,566
79,20,5,565
79,21,1,552
79,21,2,552
79,21,3,552
79,74,1,0
79,74,2,0
79,75,1,0
79,75,2,0
79,77,1,0
79,77,2,0
79,77,3,0
79,77,4,0
79,77,5,0
79,78,1,0
79,78,2,0
79,78,3,0
80,1,1,466
80,1,2,466
80,1,3,466
80,2,1,511
80,2,2,511
80,2,3,511
80,2,4,512
80,3,1,580
80,3,2,580
80,3,3,580
80,3,4,581
80,4,1,475
80,4,2,475
80,4,3,474
80,5,1,598
80,5,2,598
80,5,3,598
80,5,4,598
80,5,5,598
80,5,6,599
80,6,1,562
80,6,2,561
80,7,1,420
80,7,2,420
80,7,3,421
80,74,1,0
80,74,2,0
80,74,3,0
80,74,4,0
80,74,5,0
80,74,6,0
80,74,7,0
80,75,1,0
80,75,2,0
80,77,1,0
80,77,2,0
80,77,3,0
80,77,4,0
80,77,5,0
80,78,1,0
80,78,2,0
80,78,3,0
80,79,1,0
81,1,1,543
81,1,2,543
81,1,3,543
81,1,4,543
81,1,5,543
81,1,6,543
81,2,1,527
81,2,2,527
81,2,3,527
81,2,4,527
81,2,5,527
81,2,6,527
81,2,7,527
81,2,8,527
81,2,9,525
81,3,1,464
81,3,2,465
81,4,1,509
81,4,2,509
81,4,3,509
81,4,4,509
81,4,5,509
81,4,6,509
81,4,7,509
81,4,8,508
81,5,1,559
81,5,2,559
81,5,3,559
81,5,4,559
81,5,5,559
81,5,6,558
81,6,1,541
81,6,2,541
81,6,3,541
81,6,4,541
81,6,5,543
81,74,1,0
81,74,2,0
81,74,3,0
81,74,4,0
81,74,5,0
81,74,6,0
81,74,7,0
81,74,8,0
81,74,9,0
81,74,10,0
81,74,11,0
81,74,12,0
81,74,13,0
81,75,1,0
81,75,2,0
81,75,3,0
81,75,4,0
81,75,5,0
81,77,1,0
81,77,2,0
81,77,3,0
81,77,4,0
81,77,5,0
81,78,1,0
81,78,2,0
81,78,3,0
82,1,1,441
82,1,2,441
82,1,3,441
82,2,1,438
82,2,2,437
82,3,1,450
82,3,2,450
82,3,3,450
82,3,4,452
82,4,1,578
82,4,2,578
82,4,3,578
82,5,1,522
82,5,2,522
82,5,3,522
82,5,4,523
82,6,1,550
82,6,2,551
82,7,1,479
82,7,2,479
82,7,3,479
82,7,4,479
82,7,5,479
82,8,1,310
82,8,2,311
82,9,1,591
82,9,2,591
82,9,3,591
82,10,1,498
82,10,2,498
82,10,3,498
82,10,4,498
82,10,5,498
82,10,6,499
82,11,1,526
82,11,2,526
82,11,3,526
82,11,4,528
82,12,1,519
82,12,2,519
82,12,3,518
82,13,1,533
82,13,2,533
82,13,3,534
82,14,1,503
82,14,2,503
82,14,3,503
82,14,4,503
82,14,5,503
82,14,6,503
82,15,1,567
82,15,2,567
82,15,3,567
82,15,4,567
82,15,5,567
82,15,6,568
82,16,1,446
82,17,1,475
82,17,2,475
82,18,1,458
82,18,2,459
82,74,1,0
82,74,2,0
82,74,3,0
82,74,4,0
82,75,1,0
82,75,2,0
82,77,1,0
82,77,2,0
82,77,3,0
82,77,4,0
82,77,5,0
82,78,1,0
82,78,2,0
82,78,3,0
83,1,1,609
83,1,2,609
83,1,3,609
83,1,4,610
83,2,1,520
83,2,2,520
83,2,3,520
83,2,4,518
83,3,1,577
83,3,2,577
83,3,3,577
83,3,4,576
83,4,1,685
83,4,2,685
83,5,1,519
83,5,2,519
83,5,3,519
83,5,4,519
83,5,5,521
83,6,1,503
83,6,2,503
83,6,3,502
83,7,1,312
83,7,2,312
83,8,1,452
83,8,2,452
83,9,1,683
83,10,1,643
83,10,2,643
83,10,3,644
83,11,1,537
83,11,2,537
83,12,1,486
83,12,2,487
83,13,1,505
83,13,2,505
83,13,3,505
83,13,4,504
83,14,1,512
83,14,2,512
83,14,3,512
83,14,4,512
83,14,5,513
83,15,1,648
83,15,2,648
83,16,1,595
83,16,2,595
83,16,3,596
83,17,1,441
83,17,2,441
83,17,3,440
83,18,1,449
83,19,1,557
83,19,2,557
83,19,3,557
83,19,4,557
83,19,5,559
83,20,1,590
83,20,2,590
83,20,3,590
83,20,4,590
83,20,5,590
83,20,6,587
83,21,1,595
83,21,2,595
83,21,3,595
83,21,4,595
83,21,5,594
83,22,1,508
83,22,2,508
83,22,3,507
83,23,1,624
83,23,2,624
83,23,3,623
83,24,1,635
83,24,2,635
83,24,3,635
83,24,4,635
83,25,1,509
83,25,2,509
83,25,3,509
83,25,4,509
83,25,5,507
83,26,1,524
83,26,2,524
83,26,3,524
83,26,4,524
83,26,5,523
83,27,1,480
83,27,2,479
83,28,1,526
83,28,2,526
83,28,3,526
83,29,1,605
83,29,2,605
83,29,3,606
83,30,1,544
83,31,1,544
83,31,2,544
83,31,3,544
83,31,4,543
83,32,1,545
83,32,2,545
83,32,3,545
83,32,4,545
83,32,5,543
83,74,1,0
83,74,2,0
83,74,3,0
83,74,4,0
83,74,5,0
83,75,1,0
83,75,2,0
83,75,3,0
83,75,4,0
83,77,1,0
83,77,2,0
83,77,3,0
83,77,4,0
83,77,5,0
83,78,1,0
83,78,2,0
83,78,3,0
84,1,1,461
84,1,2,461
84,1,3,461
84,1,4,461
84,2,1,443
84,2,2,443
84,2,3,444
84,3,1,550
84,3,2,551
84,4,1,576
84,4,2,576
84,4,3,576
84,4,4,578
84,5,1,512
84,5,2,512
84,5,3,512
84,5,4,512
84,5,5,512
84,6,1,571
84,6,2,571
84,6,3,571
84,6,4,571
84,6,5,571
84,6,6,571
84,6,7,571
84,6,8,574
84,7,1,563
84,7,2,563
84,7,3,563
84,7,4,563
84,7,5,563
84,7,6,563
84,7,7,563
84,7,8,566
84,8,1,473
84,8,2,473
84,8,3,473
84,8,4,473
84,8,5,473
84,8,6,473
84,8,7,474
84,9,1,501
84,9,2,501
84,9,3,501
84,9,4,501
84,9,5,500
84,10,1,549
84,10,2,549
84,10,3,549
84,10,4,549
84,10,5,549
84,10,6,549
84,10,7,548
84,74,1,0
84,74,2,0
84,74,3,0
84,74,4,0
84,74,5,0
84,74,6,0
84,74,7,0
84,74,8,0
84,74,9,0
84,74,10,0
84,74,11,0
84,74,12,0
84,75,1,0
84,75,2,0
84,75,3,0
84,75,4,0
84,75,5,0
84,75,6,0
84,77,1,0
84,77,2,0
84,77,3,0
84,77,4,0
84,77,5,0
84,78,1,0
84,78,2,0
84,78,3,0
85,1,1,680
85,2,1,574
85,2,2,574
85,2,3,575
85,74,1,0
85,75,1,0
85,77,1,0
85,77,2,0
85,77,3,0
85,77,4,0
85,77,5,0
85,78,1,0
85,78,2,0
85,78,3,0
86,1,1,497
86,1,2,497
86,1,3,497
86,1,4,498
86,2,1,589
86,2,2,589
86,3,1,466
86,3,2,465
86,4,1,568
86,4,2,568
86,4,3,567
86,5,1,435
86,5,2,435
86,5,3,436
86,6,1,490
86,6,2,490
86,6,3,490
86,7,1,482
86,7,2,482
86,7,3,482
86,7,4,482
86,7,5,484
86,8,1,519
86,8,2,519
86,8,3,519
86,8,4,519
86,8,5,521
86,74,1,0
86,74,2,0
86,74,3,0
86,75,1,0
86,77,1,0
86,77,2,0
86,77,3,0
86,77,4,0
86,77,5,0
86,78,1,0
86,78,2,0
86,78,3,0
87,1,1,606
87,1,2,606
87,1,3,606
87,1,4,606
87,1,5,605
87,2,1,491
87,2,2,491
87,2,3,491
87,2,4,491
87,2,5,490
87,3,1,543
87,3,2,543
87,3,3,543
87,3,4,543
87,3,5,545
87,4,1,570
87,4,2,570
87,5,1,583
87,5,2,583
87,5,3,583
87,5,4,583
87,5,5,585
87,6,1,621
87,6,2,621
87,6,3,621
87,6,4,620
87,74,1,0
87,74,2,0
87,74,3,0
87,75,1,0
87,77,1,0
87,77,2,0
87,77,3,0
87,77,4,0
87,77,5,0
87,78,1,0
87,78,2,0
87,78,3,0
88,1,1,482
88,1,2,482
88,1,3,482
88,2,1,605
88,2,2,605
88,2,3,605
88,3,1,323
88,3,2,323
88,4,1,464
88,4,2,464
88,4,3,464
88,4,4,463
88,5,1,535
88,6,1,414
88,6,2,415
88,7,1,524
88,7,2,524
88,7,3,523
88,8,1,543
88,8,2,543
88,8,3,544
88,9,1,551
88,9,2,551
88,9,3,552
88,10,1,573
88,10,2,573
88,10,3,573
88,11,1,552
88,11,2,552
88,11,3,552
88,11,4,554
88,12,1,525
88,12,2,525
88,12,3,525
88,12,4,525
88,12,5,524
88,13,1,503
88,13,2,503
88,13,3,503
88,13,4,502
88,14,1,548
88,14,2,548
88,15,1,525
88,15,2,525
88,15,3,525
88,15,4,525
88,15,5,526
88,74,1,0
88,74,2,0
88,74,3,0
88,75,1,0
88,75,2,0
88,75,3,0
88,77,1,0
88,77,2,0
88,77,3,0
88,77,4,0
88,77,5,0
88,78,1,0
88,78,2,0
88,78,3,0
89,1,1,563
89,1,2,563
89,1,3,563
89,1,4,563
89,1,5,563
89,1,6,563
89,2,1,330
89,2,2,330
89,3,1,614
89,3,2,615
89,4,1,553
89,4,2,553
89,4,3,553
89,4,4,554
89,5,1,593
89,5,2,593
89,5,3,593
89,5,4,593
89,5,5,594
89,6,1,489
89,6,2,489
89,7,1,420
89,7,2,421
89,8,1,593
89,8,2,593
89,8,3,593
89,8,4,593
89,9,1,484
89,9,2,484
89,9,3,484
89,9,4,484
89,9,5,484
89,10,1,590
89,10,2,590
89,10,3,590
89,10,4,590
89,10,5,591
89,74,1,0
89,74,2,0
89,74,3,0
89,74,4,0
89,74,5,0
89,75,1,0
89,75,2,0
89,77,1,0
89,77,2,0
89,77,3,0
89,77,4,0
89,77,5,0
89,78,1,0
89,78,2,0
89,78,3,0
90,1,1,409
90,1,2,409
90,2,1,578
90,2,2,578
90,2,3,578
90,3,1,392
90,4,1,406
90,4,2,406
90,4,3,406
90,5,1,233
90,74,1,0
90,75,1,0
90,77,1,0
90,77,2,0
90,77,3,0
90,77,4,0
90,77,5,0
90,78,1,0
90,78,2,0
90,78,3,0
91,1,1,554
91,1,2,554
91,1,3,554
91,1,4,554
91,2,1,359
91,3,1,366
91,4,1,308
91,5,1,424
91,5,2,424
91,5,3,423
91,6,1,60
91,7,1,348
91,7,2,347
91,8,1,510
91,9,1,424
91,10,1,372
91,11,1,540
91,11,2,540
91,11,3,539
91,12,1,482
91,12,2,482
91,12,3,482
91,12,4,483
91,13,1,394
91,14,1,349
91,14,2,349
91,15,1,404
91,15,2,404
91,16,1,330
91,16,2,331
91,17,1,350
91,17,2,351
91,74,1,0
91,74,2,0
91,74,3,0
91,74,4,0
91,75,1,0
91,75,2,0
91,75,3,0
91,75,4,0
91,77,1,0
91,77,2,0
91,77,3,0
91,77,4,0
91,77,5,0
91,78,1,0
91,78,2,0
91,78,3,0
92,1,1,365
92,2,1,558
92,2,2,558
92,2,3,558
92,2,4,558
92,2,5,556
92,3,1,573
92,4,1,397
92,5,1,476
92,5,2,475
92,6,1,461
92,6,2,461
92,7,1,414
92,7,2,414
92,8,1,489
92,8,2,489
92,8,3,488
92,9,1,552
92,74,1,0
92,75,1,0
92,77,1,0
92,77,2,0
92,77,3,0
92,77,4,0
92,77,5,0
92,78,1,0
92,78,2,0
92,78,3,0
92,79,1,0
93,1,1,492
93,1,2,492
93,1,3,493
93,2,1,402
93,2,2,402
93,3,1,498
93,3,2,498
93,3,3,498
93,3,4,500
93,4,1,527
93,4,2,527
93,4,3,527
93,4,4,527
93,4,5,529
93,5,1,562
93,5,2,561
93,6,1,584
93,6,2,584
93,6,3,583
93,7,1,476
93,7,2,475
93,8,1,574
93,8,2,573
93,9,1,404
93,9,2,404
93,9,3,403
93,10,1,498
93,10,2,498
93,10,3,498
93,10,4,496
93,11,1,561
93,11,2,561
93,11,3,561
93,11,4,562
93,12,1,507
93,12,2,507
93,12,3,508
93,13,1,491
93,13,2,491
93,14,1,600
93,15,1,492
93,15,2,492
93,15,3,492
93,15,4,493
93,16,1,555
93,16,2,555
93,16,3,555
93,16,4,555
93,16,5,555
93,16,6,553
93,74,1,0
93,74,2,0
93,74,3,0
93,74,4,0
93,74,5,0
93,74,6,0
93,74,7,0
93,75,1,0
93,75,2,0
93,77,1,0
93,77,2,0
93,77,3,0
93,77,4,0
93,77,5,0
93,78,1,0
93,78,2,0
93,78,3,0
94,1,1,534
94,1,2,533
94,2,1,310
94,3,1,528
94,3,2,528
94,3,3,529
94,4,1,618
94,4,2,617
94,5,1,590
94,5,2,591
94,6,1,575
94,6,2,575
94,7,1,574
94,7,2,574
94,7,3,573
94,8,1,618
94,8,2,619
94,9,1,463
94,9,2,463
94,10,1,427
94,10,2,427
94,10,3,426
94,11,1,494
94,11,2,494
94,11,3,494
94,12,1,350
94,12,2,350
94,13,1,498
94,13,2,499
94,14,1,422
94,14,2,422
94,15,1,645
94,15,2,645
94,15,3,645
94,15,4,645
94,16,1,552
94,16,2,552
94,16,3,552
94,16,4,552
94,16,5,552
94,17,1,502
94,17,2,502
94,17,3,501
94,18,1,326
94,18,2,326
94,19,1,538
94,19,2,538
94,19,3,539
94,20,1,519
94,20,2,519
94,20,3,520
94,21,1,551
94,21,2,551
94,21,3,551
94,22,1,548
94,22,2,548
94,23,1,541
94,23,2,541
94,23,3,541
94,23,4,541
94,23,5,542
94,24,1,348
94,24,2,347
94,25,1,446
94,25,2,446
94,25,3,447
94,26,1,481
94,26,2,481
94,26,3,481
94,26,4,481
94,74,1,0
94,74,2,0
94,74,3,0
94,74,4,0
94,74,5,0
94,74,6,0
94,74,7,0
94,74,8,0
94,75,1,0
94,75,2,0
94,77,1,0
94,77,2,0
94,77,3,0
94,77,4,0
94,77,5,0
94,78,1,0
94,78,2,0
94,78,3,0
94,79,1,0
94,79,2,0
95,1,1,629
95,1,2,629
95,1,3,629
95,1,4,629
95,1,5,629
95,1,6,630
95,2,1,515
95,2,2,515
95,3,1,494
95,3,2,494
95,3,3,493
95,4,1,374
95,4,2,373
95,5,1,498
95,5,2,497
95,6,1,574
95,6,2,575
95,7,1,436
95,7,2,436
95,7,3,436
95,8,1,466
95,8,2,466
95,8,3,466
95,9,1,526
95,9,2,527
95,10,1,468
95,10,2,469
95,11,1,519
95,11,2,519
95,12,1,493
95,12,2,493
95,12,3,493
95,74,1,0
95,74,2,0
95,74,3,0
95,74,4,0
95,74,5,0
95,74,6,0
95,75,1,0
95,77,1,0
95,77,2,0
95,77,3,0
95,77,4,0
95,77,5,0
95,78,1,0
95,78,2,0
95,78,3,0
96,1,1,512
96,1,2,512
96,1,3,512
96,1,4,512
96,2,1,524
96,2,2,525
96,3,1,504
96,3,2,503
96,4,1,398
96,4,2,399
96,5,1,560
96,5,2,560
96,74,1,0
96,74,2,0
96,75,1,0
96,77,1,0
96,77,2,0
96,77,3,0
96,77,4,0
96,77,5,0
96,78,1,0
96,78,2,0
96,78,3,0
96,79,1,0
97,1,1,480
97,1,2,480
97,2,1,394
97,2,2,393
97,74,1,0
97,75,1,0
97,75,2,0
97,77,1,0
97,77,2,0
97,77,3,0
97,77,4,0
97,77,5,0
97,78,1,0
97,78,2,0
97,78,3,0
98,1,1,622
98,1,2,622
98,1,3,622
98,1,4,620
98,2,1,521
98,3,1,609
98,3,2,609
98,4,1,135
98,5,1,523
98,5,2,523
98,5,3,523
98,5,4,522
98,6,1,551
98,6,2,551
98,6,3,552
98,7,1,510
98,7,2,511
98,74,1,0
98,74,2,0
98,74,3,0
98,74,4,0
98,74,5,0
98,74,6,0
98,75,1,0
98,75,2,0
98,77,1,0
98,77,2,0
98,77,3,0
98,77,4,0
98,77,5,0
98,78,1,0
98,78,2,0
98,78,3,0
99,1,1,623
99,1,2,623
99,1,3,623
99,2,1,666
99,2,2,666
99,3,1,660
99,3,2,660
99,3,3,660
99,3,4,660
99,4,1,659
99,5,1,674
99,5,2,674
99,5,3,674
99,5,4,675
99,6,1,557
99,6,2,557
99,6,3,557
99,6,4,557
99,6,5,557
99,7,1,612
99,7,2,612
99,7,3,612
99,7,4,612
99,8,1,402
99,8,2,403
99,9,1,574
99,9,2,574
99,9,3,574
99,9,4,574
99,9,5,575
99,10,1,550
99,10,2,550
99,10,3,549
99,11,1,451
99,11,2,451
99,12,1,595
99,12,2,595
99,74,1,0
99,74,2,0
99,74,3,0
99,74,4,0
99,74,5,0
99,74,6,0
99,75,1,0
99,75,2,0
99,77,1,0
99,77,2,0
99,77,3,0
99,77,4,0
99,77,5,0
99,78,1,0
99,78,2,0
99,78,3,0
100,1,1,619
100,1,2,619
100,2,1,396
100,3,1,489
100,4,1,555
100,4,2,555
100,4,3,556
100,5,1,578
100,5,2,578
100,5,3,578
100,5,4,579
100,6,1,436
100,6,2,436
100,6,3,436
100,7,1,511
100,7,2,511
100,7,3,510
100,8,1,484
100,8,2,484
100,8,3,483
100,9,1,465
100,9,2,465
100,10,1,636
100,10,2,636
100,10,3,636
100,74,1,0
100,74,2,0
100,74,3,0
100,74,4,0
100,74,5,0
100,74,6,0
100,74,7,0
100,75,1,0
100,75,2,0
100,77,1,0
100,77,2,0
100,77,3,0
100,77,4,0
100,77,5,0
100,78,1,0
100,78,2,0
100,78,3,0
101,1,1,502
101,1,2,502
101,1,3,502
101,1,4,502
101,2,1,646
101,2,2,646
101,2,3,647
101,3,1,558
101,3,2,559
101,4,1,412
101,4,2,412
101,74,1,0
101,74,2,0
101,74,3,0
101,74,4,0
101,75,1,0
101,75,2,0
101,75,3,0
101,77,1,0
101,77,2,0
101,77,3,0
101,77,4,0
101,77,5,0
101,78,1,0
101,78,2,0
101,78,3,0
102,1,1,382
102,1,2,382
102,2,1,457
102,3,1,569
102,3,2,569
102,3,3,569
102,3,4,569
102,4,1,535
102,4,2,535
102,4,3,535
102,4,4,535
102,4,5,535
102,5,1,579
102,5,2,579
102,5,3,579
102,5,4,579
102,5,5,579
102,5,6,580
102,6,1,335
102,6,2,335
102,7,1,620
102,7,2,619
102,8,1,606
102,8,2,606
102,8,3,606
102,8,4,606
102,8,5,606
102,8,6,606
102,8,7,606
102,8,8,606
102,9,1,421
102,10,1,485
102,10,2,485
102,10,3,485
102,11,1,487
102,11,2,487
102,12,1,579
102,12,2,579
102,12,3,579
102,12,4,579
102,12,5,579
102,12,6,579
102,12,7,580
102,13,1,594
102,13,2,594
102,14,1,596
102,14,2,596
102,14,3,596
102,74,1,0
102,74,2,0
102,74,3,0
102,74,4,0
102,74,5,0
102,74,6,0
102,74,7,0
102,74,8,0
102,74,9,0
102,74,10,0
102,74,11,0
102,74,12,0
102,74,13,0
102,74,14,0
102,74,15,0
102,74,16,0
102,74,17,0
102,75,1,0
102,75,2,0
102,75,3,0
102,77,1,0
102,77,2,0
102,77,3,0
102,77,4,0
102,77,5,0
102,78,1,0
102,78,2,0
102,78,3,0
102,79,1,0
103,1,1,519
103,1,2,519
103,1,3,519
103,1,4,519
103,1,5,520
103,2,1,452
103,2,2,452
103,2,3,453
103,3,1,454
103,3,2,454
103,3,3,454
103,3,4,455
103,4,1,499
103,4,2,499
103,4,3,499
103,4,4,500
103,5,1,425
103,5,2,425
103,5,3,424
103,6,1,559
103,6,2,559
103,6,3,559
103,6,4,559
103,6,5,559
103,6,6,560
103,7,1,644
103,7,2,645
103,8,1,547
103,8,2,547
103,8,3,547
103,9,1,479
103,9,2,479
103,9,3,479
103,9,4,478
103,74,1,0
103,74,2,0
103,74,3,0
103,74,4,0
103,74,5,0
103,74,6,0
103,75,1,0
103,75,2,0
103,77,1,0
103,77,2,0
103,77,3,0
103,77,4,0
103,77,5,0
103,78,1,0
103,78,2,0
103,78,3,0
103,79,1,0
104,1,1,460
104,1,2,461
104,2,1,451
104,2,2,451
104,2,3,452
104,3,1,530
104,3,2,530
104,3,3,530
104,3,4,532
104,4,1,590
104,4,2,590
104,5,1,601
104,5,2,601
104,5,3,600
104,6,1,483
104,6,2,483
104,6,3,483
104,6,4,483
104,6,5,483
104,6,6,481
104,7,1,543
104,8,1,493
104,8,2,493
104,8,3,493
104,8,4,494
104,74,1,0
104,74,2,0
104,74,3,0
104,74,4,0
104,74,5,0
104,74,6,0
104,74,7,0
104,74,8,0
104,74,9,0
104,75,1,0
104,77,1,0
104,77,2,0
104,77,3,0
104,77,4,0
104,77,5,0
104,78,1,0
104,78,2,0
104,78,3,0
105,1,1,535
105,2,1,559
105,2,2,559
105,2,3,559
105,2,4,559
105,2,5,559
105,2,6,558
105,3,1,643
105,3,2,643
105,3,3,642
105,4,1,552
105,4,2,552
105,4,3,552
105,4,4,554
105,5,1,592
105,5,2,592
105,5,3,592
105,5,4,592
105,5,5,594
105,6,1,585
105,6,2,585
105,6,3,584
105,7,1,532
105,7,2,532
105,7,3,532
105,7,4,532
105,7,5,534
105,74,1,0
105,74,2,0
105,74,3,0
105,74,4,0
105,74,5,0
105,74,6,0
105,74,7,0
105,74,8,0
105,75,1,0
105,75,2,0
105,77,1,0
105,77,2,0
105,77,3,0
105,77,4,0
105,77,5,0
105,78,1,0
105,78,2,0
105,78,3,0
106,1,1,548
106,1,2,548
106,1,3,547
106,2,1,553
106,2,2,553
106,2,3,553
106,2,4,553
106,2,5,553
106,2,6,553
106,3,1,564
106,3,2,564
106,3,3,564
106,3,4,564
106,3,5,564
106,3,6,567
106,4,1,515
106,4,2,515
106,4,3,515
106,4,4,515
106,4,5,513
106,5,1,516
106,5,2,516
106,5,3,515
106,6,1,564
106,6,2,565
106,7,1,534
106,7,2,534
106,7,3,534
106,8,1,592
106,8,2,592
106,8,3,592
106,8,4,592
106,8,5,592
106,8,6,595
106,9,1,604
106,9,2,604
106,9,3,604
106,9,4,604
106,9,5,606
106,74,1,0
106,74,2,0
106,74,3,0
106,74,4,0
106,75,1,0
106,75,2,0
106,75,3,0
106,77,1,0
106,77,2,0
106,77,3,0
106,77,4,0
106,77,5,0
106,78,1,0
106,78,2,0
106,78,3,0
106,79,1,0
107,1,1,568
107,1,2,568
107,1,3,568
107,1,4,568
107,1,5,568
107,1,6,568
107,1,7,567
107,2,1,522
107,2,2,522
107,2,3,522
107,2,4,521
107,3,1,564
107,3,2,564
107,3,3,564
107,3,4,564
107,3,5,564
107,3,6,564
107,3,7,565
107,4,1,634
107,4,2,634
107,4,3,634
107,4,4,634
107,4,5,634
107,4,6,634
107,4,7,637
107,5,1,640
107,5,2,640
107,5,3,640
107,5,4,639
107,6,1,545
107,6,2,545
107,6,3,545
107,6,4,546
107,7,1,455
107,7,2,455
107,7,3,455
107,7,4,455
107,8,1,557
107,8,2,557
107,8,3,557
107,9,1,588
107,9,2,588
107,9,3,588
107,9,4,588
107,9,5,588
107,9,6,588
107,9,7,588
107,9,8,587
107,10,1,574
107,10,2,574
107,10,3,574
107,10,4,574
107,10,5,574
107,10,6,574
107,10,7,574
107,10,8,577
107,74,1,0
107,74,2,0
107,74,3,0
107,74,4,0
107,74,5,0
107,74,6,0
107,74,7,0
107,74,8,0
107,74,9,0
107,75,1,0
107,77,1,0
107,77,2,0
107,77,3,0
107,77,4,0
107,77,5,0
107,78,1,0
107,78,2,0
107,78,3,0
108,1,1,596
108,1,2,596
108,1,3,596
108,1,4,596
108,1,5,596
108,1,6,596
108,1,7,596
108,2,1,558
108,2,2,558
108,2,3,558
108,2,4,556
108,3,1,615
108,3,2,615
108,3,3,615
108,4,1,551
108,4,2,551
108,4,3,551
108,4,4,551
108,4,5,551
108,4,6,551
108,4,7,551
108,4,8,552
108,5,1,621
108,5,2,621
108,6,1,523
108,6,2,523
108,6,3,523
108,6,4,522
108,7,1,572
108,7,2,572
108,7,3,572
108,7,4,572
108,7,5,572
108,7,6,573
108,8,1,546
108,8,2,546
108,8,3,546
108,8,4,546
108,8,5,546
108,8,6,548
108,9,1,495
108,9,2,495
108,9,3,494
108,10,1,486
108,10,2,486
108,10,3,486
108,10,4,487
108,11,1,554
108,11,2,554
108,11,3,554
108,11,4,554
108,11,5,553
108,12,1,471
108,12,2,471
108,12,3,471
108,12,4,471
108,13,1,544
108,13,2,544
108,13,3,545
108,14,1,618
108,14,2,618
108,14,3,618
108,14,4,618
108,14,5,618
108,14,6,618
108,15,1,627
108,15,2,627
108,15,3,627
108,15,4,627
108,15,5,629
108,16,1,624
108,16,2,624
108,16,3,624
108,16,4,624
108,16,5,624
108,17,1,393
108,17,2,393
108,18,1,504
108,18,2,504
108,18,3,504
108,18,4,505
108,19,1,502
108,19,2,502
108,19,3,502
108,19,4,502
108,19,5,504
108,20,1,585
108,20,2,585
108,20,3,585
108,20,4,585
108,20,5,586
108,74,1,0
108,74,2,0
108,74,3,0
108,74,4,0
108,74,5,0
108,74,6,0
108,74,7,0
108,74,8,0
108,74,9,0
108,74,10,0
108,74,11,0
108,75,1,0
108,75,2,0
108,75,3,0
108,77,1,0
108,77,2,0
108,77,3,0
108,77,4,0
108,77,5,0
108,78,1,0
108,78,2,0
108,78,3,0
108,79,1,0
108,79,2,0
108,79,3,0
108,79,4,0
109,1,1,352
109,1,2,352
109,2,1,570
109,2,2,570
109,2,3,570
109,2,4,569
109,3,1,505
109,3,2,505
109,3,3,505
109,3,4,505
109,3,5,505
109,3,6,505
109,3,7,505
109,3,8,505
109,3,9,505
109,3,10,509
109,4,1,618
109,4,2,618
109,4,3,618
109,4,4,618
109,4,5,618
109,4,6,619
109,5,1,608
109,5,2,608
109,5,3,608
109,5,4,608
109,5,5,608
109,5,6,610
109,6,1,411
109,6,2,411
109,7,1,640
109,7,2,640
109,7,3,640
109,7,4,640
109,7,5,640
109,8,1,495
109,8,2,495
109,8,3,496
109,74,1,0
109,74,2,0
109,74,3,0
109,74,4,0
109,74,5,0
109,75,1,0
109,75,2,0
109,75,3,0
109,77,1,0
109,77,2,0
109,77,3,0
109,77,4,0
109,77,5,0
109,78,1,0
109,78,2,0
109,78,3,0
109,79,1,0
110,1,1,503
110,2,1,574
110,2,2,574
110,2,3,574
110,2,4,574
110,2,5,574
110,3,1,517
110,3,2,517
110,3,3,517
110,3,4,517
110,3,5,517
110,3,6,517
110,3,7,518
110,4,1,377
110,4,2,377
110,5,1,583
110,5,2,583
110,5,3,583
110,5,4,583
110,5,5,583
110,5,6,583
110,5,7,583
110,5,8,583
110,5,9,583
110,5,10,587
110,6,1,576
110,6,2,576
110,6,3,576
110,6,4,576
110,6,5,576
110,6,6,578
110,7,1,531
110,7,2,531
110,7,3,531
110,7,4,531
110,7,5,531
110,8,1,431
110,8,2,431
110,8,3,432
110,9,1,443
110,9,2,443
110,9,3,443
110,9,4,444
110,74,1,0
110,74,2,0
110,74,3,0
110,74,4,0
110,74,5,0
110,74,6,0
110,75,1,0
110,75,2,0
110,75,3,0
110,77,1,0
110,77,2,0
110,77,3,0
110,77,4,0
110,77,5,0
110,78,1,0
110,78,2,0
110,78,3,0
110,79,1,0
