precinto,unidad,colegio
1,1,1
1,1,2
1,2,1
1,2,2
1,2,3
1,2,4
1,3,1
1,3,2
1,3,3
1,3,4
1,4,1
1,4,2
1,5,1
1,5,2
1,5,3
1,5,4
1,5,5
1,5,6
1,5,7
1,6,1
1,6,2
1,6,3
1,7,1
1,7,2
1,7,3
1,7,4
1,7,5
1,7,6
1,7,7
1,7,8
1,8,1
1,8,2
1,8,3
1,8,4
1,9,1
1,9,2
1,9,3
1,9,4
1,10,1
1,10,2
1,10,3
1,10,4
1,10,5
1,11,1
1,11,2
1,11,3
1,12,1
1,12,2
1,13,1
1,13,2
1,13,3
1,14,1
1,14,2
1,14,3
1,14,4
1,14,5
1,15,1
1,15,2
1,15,3
1,15,4
1,15,5
1,16,1
1,16,2
1,16,3
1,17,1
1,17,2
1,17,3
1,17,4
1,18,1
1,18,2
1,18,3
1,19,1
1,19,2
1,19,3
1,19,4
1,20,1
1,20,2
1,20,3
1,21,1
1,21,2
1,21,3
1,22,1
1,22,2
1,22,3
1,23,1
1,23,2
1,23,3
1,24,1
1,24,2
1,24,3
1,25,1
1,25,2
1,25,3
1,25,4
1,26,1
1,26,2
1,26,3
1,26,4
1,74,1
1,74,2
1,74,3
1,74,4
1,74,5
1,74,6
1,74,7
1,74,8
1,74,9
1,75,1
1,75,2
1,77,1
1,77,2
1,77,3
1,77,4
1,77,5
1,78,1
1,78,2
1,78,3
1,78,4
1,78,5
1,79,1
1,79,2
2,1,1
2,1,2
2,1,3
2,1,4
2,1,5
2,2,1
2,3,1
2,3,2
2,3,3
2,4,1
2,4,2
2,4,3
2,4,4
2,4,5
2,5,1
2,5,2
2,5,3
2,5,4
2,5,5
2,5,6
2,6,1
2,6,2
2,6,3
2,6,4
2,7,1
2,7,2
2,7,3
2,8,1
2,8,2
2,8,3
2,8,4
2,8,5
2,8,6
2,9,1
2,9,2
2,9,3
2,10,1
2,10,2
2,11,1
2,11,2
2,11,3
2,11,4
2,11,5
2,12,1
2,12,2
2,13,1
2,13,2
2,13,3
2,13,4
2,13,5
2,14,1
2,14,2
2,14,3
2,14,4
2,15,1
2,15,2
2,15,3
2,16,1
2,16,2
2,16,3
2,16,4
2,16,5
2,17,1
2,17,2
2,17,3
2,17,4
2,18,1
2,18,2
2,18,3
2,19,1
2,19,2
2,20,1
2,20,2
2,20,3
2,21,1
2,21,2
2,21,3
2,22,1
2,22,2
2,22,3
2,23,1
2,23,2
2,24,1
2,24,2
2,24,3
2,25,1
2,25,2
2,25,3
2,25,4
2,26,1
2,26,2
2,27,1
2,27,2
2,27,3
2,27,4
2,28,1
2,28,2
2,28,3
2,74,1
2,74,2
2,74,3
2,74,4
2,74,5
2,74,6
2,74,7
2,74,8
2,74,9
2,74,10
2,74,11
2,74,12
2,75,1
2,75,2
2,77,1
2,77,2
2,77,3
2,77,4
2,77,5
2,78,1
2,78,2
2,78,3
2,79,1
3,1,1
3,1,2
3,1,3
3,2,1
3,2,2
3,3,1
3,3,2
3,3,3
3,3,4
3,4,1
3,4,2
3,4,3
3,4,4
3,4,5
3,4,6
3,4,7
3,5,1
3,5,2
3,5,3
3,6,1
3,6,2
3,6,3
3,6,4
3,7,1
3,7,2
3,7,3
3,7,4
3,7,5
3,7,6
3,7,7
3,8,1
3,8,2
3,8,3
3,8,4
3,9,1
3,9,2
3,10,1
3,10,2
3,10,3
3,10,4
3,10,5
3,11,1
3,11,2
3,12,1
3,12,2
3,12,3
3,12,4
3,13,1
3,13,2
3,13,3
3,13,4
3,14,1
3,14,2
3,14,3
3,14,4
3,15,1
3,16,1
3,16,2
3,16,3
3,16,4
3,16,5
3,17,1
3,17,2
3,17,3
3,18,1
3,18,2
3,18,3
3,18,4
3,18,5
3,19,1
3,20,1
3,20,2
3,20,3
3,20,4
3,20,5
3,20,6
3,20,7
3,21,1
3,21,2
3,22,1
3,22,2
3,22,3
3,23,1
3,23,2
3,24,1
3,25,1
3,26,1
3,26,2
3,26,3
3,26,4
3,26,5
3,27,1
3,27,2
3,28,1
3,28,2
3,28,3
3,28,4
3,28,5
3,74,1
3,74,2
3,74,3
3,74,4
3,74,5
3,74,6
3,74,7
3,74,8
3,74,9
3,74,10
3,74,11
3,75,1
3,75,2
3,77,1
3,77,2
3,77,3
3,77,4
3,77,5
3,78,1
3,78,2
3,78,3
3,79,1
3,79,2
3,79,3
4,1,1
4,1,2
4,1,3
4,2,1
4,2,2
4,2,3
4,2,4
4,2,5
4,2,6
4,3,1
4,3,2
4,3,3
4,3,4
4,3,5
4,3,6
4,4,1
4,4,2
4,4,3
4,4,4
4,4,5
4,4,6
4,4,7
4,5,1
4,5,2
4,5,3
4,5,4
4,6,1
4,6,2
4,6,3
4,6,4
4,6,5
4,6,6
4,7,1
4,7,2
4,7,3
4,7,4
4,7,5
4,8,1
4,8,2
4,9,1
4,9,2
4,9,3
4,10,1
4,10,2
4,11,1
4,11,2
4,12,1
4,12,2
4,12,3
4,12,4
4,13,1
4,13,2
4,13,3
4,13,4
4,14,1
4,14,2
4,14,3
4,15,1
4,15,2
4,15,3
4,15,4
4,15,5
4,16,1
4,16,2
4,16,3
4,16,4
4,16,5
4,17,1
4,17,2
4,18,1
4,18,2
4,18,3
4,19,1
4,19,2
4,19,3
4,19,4
4,19,5
4,19,6
4,20,1
4,20,2
4,20,3
4,20,4
4,21,1
4,21,2
4,21,3
4,21,4
4,22,1
4,22,2
4,22,3
4,22,4
4,22,5
4,22,6
4,23,1
4,23,2
4,23,3
4,23,4
4,23,5
4,24,1
4,24,2
4,24,3
4,24,4
4,24,5
4,24,6
4,25,1
4,25,2
4,25,3
4,25,4
4,26,1
4,26,2
4,26,3
4,27,1
4,27,2
4,27,3
4,74,1
4,74,2
4,74,3
4,74,4
4,74,5
4,74,6
4,74,7
4,74,8
4,74,9
4,74,10
4,74,11
4,74,12
4,74,13
4,74,14
4,74,15
4,74,16
4,74,17
4,74,18
4,74,19
4,74,20
4,74,21
4,74,22
4,74,23
4,74,24
4,74,25
4,74,26
4,74,27
4,75,1
4,77,1
4,77,2
4,77,3
4,77,4
4,77,5
4,78,1
4,78,2
4,78,3
4,78,4
4,79,1
5,1,1
5,1,2
5,2,1
5,2,2
5,2,3
5,2,4
5,2,5
5,3,1
5,3,2
5,4,1
5,4,2
5,4,3
5,4,4
5,4,5
5,4,6
5,5,1
5,5,2
5,6,1
5,6,2
5,6,3
5,6,4
5,7,1
5,7,2
5,7,3
5,8,1
5,8,2
5,8,3
5,8,4
5,8,5
5,8,6
5,74,1
5,74,2
5,74,3
5,74,4
5,75,1
5,77,1
5,77,2
5,77,3
5,77,4
5,77,5
5,78,1
5,78,2
5,78,3
5,79,1
6,1,1
6,1,2
6,1,3
6,2,1
6,2,2
6,2,3
6,2,4
6,2,5
6,2,6
6,2,7
6,3,1
6,3,2
6,3,3
6,4,1
6,4,2
6,4,3
6,4,4
6,4,5
6,4,6
6,4,7
6,5,1
6,5,2
6,6,1
6,6,2
6,6,3
6,6,4
6,7,1
6,7,2
6,8,1
6,8,2
6,8,3
6,8,4
6,9,1
6,9,2
6,9,3
6,10,1
6,10,2
6,10,3
6,10,4
6,11,1
6,11,2
6,11,3
6,12,1
6,12,2
6,13,1
6,13,2
6,13,3
6,14,1
6,14,2
6,74,1
6,74,2
6,74,3
6,74,4
6,74,5
6,74,6
6,74,7
6,74,8
6,74,9
6,74,10
6,74,11
6,74,12
6,75,1
6,77,1
6,77,2
6,77,3
6,77,4
6,77,5
6,78,1
6,78,2
6,78,3
6,79,1
6,79,2
7,1,1
7,1,2
7,1,3
7,1,4
7,2,1
7,2,2
7,3,1
7,3,2
7,3,3
7,4,1
7,4,2
7,4,3
7,4,4
7,4,5
7,5,1
7,5,2
7,5,3
7,5,4
7,5,5
7,6,1
7,6,2
7,6,3
7,7,1
7,8,1
7,8,2
7,8,3
7,8,4
7,8,5
7,8,6
7,8,7
7,8,8
7,8,9
7,9,1
7,9,2
7,9,3
7,10,1
7,10,2
7,10,3
7,10,4
7,10,5
7,10,6
7,10,7
7,11,1
7,11,2
7,11,3
7,12,1
7,12,2
7,12,3
7,12,4
7,12,5
7,13,1
7,13,2
7,13,3
7,14,1
7,15,1
7,15,2
7,15,3
7,16,1
7,16,2
7,17,1
7,17,2
7,17,3
7,17,4
7,18,1
7,18,2
7,19,1
7,19,2
7,20,1
7,20,2
7,20,3
7,74,1
7,74,2
7,74,3
7,74,4
7,74,5
7,74,6
7,74,7
7,74,8
7,74,9
7,74,10
7,74,11
7,74,12
7,74,13
7,74,14
7,74,15
7,74,16
7,75,1
7,77,1
7,77,2
7,77,3
7,77,4
7,77,5
7,78,1
7,78,2
7,78,3
7,79,1
7,79,2
8,1,1
8,1,2
8,2,1
8,2,2
8,2,3
8,2,4
8,2,5
8,3,1
8,3,2
8,3,3
8,3,4
8,3,5
8,4,1
8,4,2
8,5,1
8,5,2
8,5,3
8,6,1
8,6,2
8,6,3
8,6,4
8,6,5
8,6,6
8,6,7
8,7,1
8,7,2
8,7,3
8,7,4
8,7,5
8,8,1
8,8,2
8,9,1
8,9,2
8,9,3
8,9,4
8,9,5
8,74,1
8,74,2
8,74,3
8,74,4
8,74,5
8,74,6
8,74,7
8,74,8
8,74,9
8,75,1
8,75,2
8,77,1
8,77,2
8,77,3
8,77,4
8,77,5
8,78,1
8,78,2
8,78,3
8,79,1
9,1,1
9,2,1
9,2,2
9,2,3
9,2,4
9,74,1
9,74,2
9,75,1
9,75,2
9,77,1
9,77,2
9,77,3
9,77,4
9,77,5
9,78,1
9,78,2
9,78,3
9,79,1
10,1,1
10,1,2
10,1,3
10,1,4
10,2,1
10,2,2
10,3,1
10,3,2
10,3,3
10,3,4
10,4,1
10,4,2
10,4,3
10,4,4
10,4,5
10,5,1
10,5,2
10,5,3
10,5,4
10,5,5
10,6,1
10,6,2
10,6,3
10,6,4
10,7,1
10,7,2
10,7,3
10,7,4
10,7,5
10,8,1
10,8,2
10,8,3
10,9,1
10,9,2
10,9,3
10,9,4
10,9,5
10,10,1
10,10,2
10,10,3
10,10,4
10,10,5
10,11,1
10,11,2
10,11,3
10,12,1
10,12,2
10,12,3
10,13,1
10,13,2
10,14,1
10,14,2
10,14,3
10,14,4
10,14,5
10,15,1
10,15,2
10,15,3
10,15,4
10,16,1
10,16,2
10,16,3
10,17,1
10,17,2
10,17,3
10,18,1
10,18,2
10,19,1
10,19,2
10,19,3
10,19,4
10,20,1
10,20,2
10,20,3
10,21,1
10,21,2
10,21,3
10,21,4
10,22,1
10,22,2
10,22,3
10,22,4
10,22,5
10,23,1
10,23,2
10,23,3
10,23,4
10,23,5
10,24,1
10,24,2
10,24,3
10,24,4
10,25,1
10,25,2
10,25,3
10,25,4
10,26,1
10,26,2
10,26,3
10,27,1
10,27,2
10,27,3
10,28,1
10,28,2
10,28,3
10,28,4
10,28,5
10,74,1
10,74,2
10,74,3
10,74,4
10,74,5
10,74,6
10,75,1
10,75,2
10,77,1
10,77,2
10,77,3
10,77,4
10,77,5
10,78,1
10,78,2
10,78,3
10,79,1
11,1,1
11,1,2
11,1,3
11,2,1
11,2,2
11,2,3
11,2,4
11,2,5
11,2,6
11,3,1
11,3,2
11,3,3
11,4,1
11,4,2
11,4,3
11,4,4
11,4,5
11,5,1
11,5,2
11,5,3
11,5,4
11,5,5
11,5,6
11,6,1
11,6,2
11,6,3
11,6,4
11,7,1
11,7,2
11,7,3
11,8,1
11,8,2
11,8,3
11,9,1
11,9,2
11,9,3
11,9,4
11,9,5
11,10,1
11,10,2
11,10,3
11,11,1
11,11,2
11,11,3
11,12,1
11,12,2
11,12,3
11,13,1
11,13,2
11,14,1
11,14,2
11,14,3
11,14,4
11,15,1
11,15,2
11,15,3
11,15,4
11,15,5
11,15,6
11,16,1
11,16,2
11,16,3
11,16,4
11,16,5
11,16,6
11,17,1
11,17,2
11,18,1
11,18,2
11,18,3
11,18,4
11,19,1
11,19,2
11,20,1
11,20,2
11,20,3
11,20,4
11,20,5
11,21,1
11,21,2
11,21,3
11,21,4
11,22,1
11,22,2
11,22,3
11,22,4
11,22,5
11,23,1
11,23,2
11,24,1
11,24,2
11,25,1
11,25,2
11,25,3
11,25,4
11,25,5
11,26,1
11,26,2
11,26,3
11,26,4
11,26,5
11,74,1
11,74,2
11,74,3
11,74,4
11,75,1
11,75,2
11,77,1
11,77,2
11,77,3
11,77,4
11,77,5
11,78,1
11,78,2
11,78,3
12,1,1
12,1,2
12,2,1
12,2,2
12,2,3
12,2,4
12,2,5
12,3,1
12,3,2
12,3,3
12,3,4
12,4,1
12,4,2
12,4,3
12,4,4
12,4,5
12,4,6
12,5,1
12,5,2
12,6,1
12,6,2
12,6,3
12,74,1
12,74,2
12,75,1
12,77,1
12,77,2
12,77,3
12,77,4
12,77,5
12,78,1
12,78,2
12,78,3
13,1,1
13,1,2
13,1,3
13,1,4
13,1,5
13,2,1
13,2,2
13,2,3
13,2,4
13,3,1
13,3,2
13,3,3
13,3,4
13,3,5
13,3,6
13,3,7
13,4,1
13,4,2
13,4,3
13,4,4
13,4,5
13,4,6
13,4,7
13,5,1
13,5,2
13,5,3
13,5,4
13,5,5
13,6,1
13,6,2
13,6,3
13,6,4
13,6,5
13,6,6
13,7,1
13,7,2
13,7,3
13,7,4
13,7,5
13,7,6
13,8,1
13,8,2
13,8,3
13,9,1
13,9,2
13,9,3
13,10,1
13,10,2
13,10,3
13,10,4
13,10,5
13,10,6
13,11,1
13,11,2
13,11,3
13,11,4
13,11,5
13,11,6
13,11,7
13,11,8
13,11,9
13,11,10
13,11,11
13,12,1
13,12,2
13,12,3
13,13,1
13,13,2
13,13,3
13,13,4
13,13,5
13,14,1
13,14,2
13,14,3
13,14,4
13,14,5
13,74,1
13,74,2
13,74,3
13,74,4
13,74,5
13,74,6
13,74,7
13,74,8
13,74,9
13,74,10
13,74,11
13,75,1
13,77,1
13,77,2
13,77,3
13,77,4
13,77,5
13,78,1
13,78,2
13,78,3
14,1,1
14,1,2
14,1,3
14,1,4
14,2,1
14,2,2
14,2,3
14,2,4
14,3,1
14,3,2
14,3,3
14,3,4
14,3,5
14,3,6
14,3,7
14,4,1
14,4,2
14,4,3
14,4,4
14,4,5
14,5,1
14,5,2
14,6,1
14,6,2
14,7,1
14,7,2
14,7,3
14,8,1
14,8,2
14,8,3
14,8,4
14,8,5
14,8,6
14,8,7
14,8,8
14,9,1
14,9,2
14,9,3
14,9,4
14,9,5
14,9,6
14,10,1
14,11,1
14,11,2
14,11,3
14,12,1
14,12,2
14,12,3
14,12,4
14,12,5
14,12,6
14,12,7
14,12,8
14,13,1
14,13,2
14,13,3
14,13,4
14,13,5
14,13,6
14,14,1
14,14,2
14,14,3
14,15,1
14,15,2
14,15,3
14,15,4
14,15,5
14,15,6
14,16,1
14,16,2
14,17,1
14,17,2
14,17,3
14,17,4
14,17,5
14,17,6
14,18,1
14,18,2
14,18,3
14,18,4
14,18,5
14,19,1
14,19,2
14,19,3
14,19,4
14,19,5
14,20,1
14,20,2
14,20,3
14,20,4
14,20,5
14,20,6
14,20,7
14,20,8
14,20,9
14,74,1
14,74,2
14,74,3
14,74,4
14,74,5
14,74,6
14,74,7
14,74,8
14,74,9
14,74,10
14,74,11
14,74,12
14,74,13
14,74,14
14,74,15
14,74,16
14,74,17
14,74,18
14,74,19
14,74,20
14,74,21
14,74,22
14,74,23
14,74,24
14,74,25
14,75,1
14,77,1
14,77,2
14,77,3
14,77,4
14,77,5
14,78,1
14,78,2
14,78,3
15,1,1
15,1,2
15,1,3
15,1,4
15,1,5
15,1,6
15,2,1
15,2,2
15,2,3
15,2,4
15,3,1
15,3,2
15,3,3
15,3,4
15,3,5
15,4,1
15,4,2
15,4,3
15,4,4
15,4,5
15,4,6
15,4,7
15,5,1
15,5,2
15,5,3
15,5,4
15,5,5
15,5,6
15,5,7
15,5,8
15,5,9
15,6,1
15,6,2
15,6,3
15,6,4
15,6,5
15,6,6
15,6,7
15,6,8
15,7,1
15,7,2
15,7,3
15,7,4
15,7,5
15,7,6
15,7,7
15,8,1
15,8,2
15,8,3
15,9,1
15,9,2
15,74,1
15,74,2
15,74,3
15,74,4
15,74,5
15,74,6
15,74,7
15,74,8
15,74,9
15,74,10
15,75,1
15,77,1
15,77,2
15,77,3
15,77,4
15,77,5
15,78,1
15,78,2
15,78,3
15,79,1
15,79,2
16,1,1
16,1,2
16,2,1
16,2,2
16,2,3
16,2,4
16,2,5
16,3,1
16,3,2
16,3,3
16,4,1
16,4,2
16,4,3
16,4,4
16,5,1
16,5,2
16,5,3
16,5,4
16,5,5
16,5,6
16,6,1
16,6,2
16,7,1
16,8,1
16,8,2
16,8,3
16,8,4
16,9,1
16,9,2
16,9,3
16,9,4
16,10,1
16,10,2
16,74,1
16,74,2
16,74,3
16,74,4
16,74,5
16,74,6
16,75,1
16,75,2
16,75,3
16,77,1
16,77,2
16,77,3
16,77,4
16,77,5
16,78,1
16,78,2
16,78,3
17,1,1
17,1,2
17,1,3
17,2,1
17,3,1
17,3,2
17,3,3
17,3,4
17,3,5
17,4,1
17,4,2
17,5,1
17,74,1
17,74,2
17,75,1
17,75,2
17,77,1
17,77,2
17,77,3
17,77,4
17,77,5
17,78,1
17,78,2
17,78,3
18,1,1
18,1,2
18,1,3
18,1,4
18,2,1
18,2,2
18,2,3
18,2,4
18,3,1
18,3,2
18,3,3
18,4,1
18,5,1
18,5,2
18,5,3
18,5,4
18,6,1
18,6,2
18,7,1
18,7,2
18,7,3
18,7,4
18,8,1
18,8,2
18,8,3
18,8,4
18,9,1
18,9,2
18,9,3
18,10,1
18,10,2
18,10,3
18,10,4
18,74,1
18,74,2
18,74,3
18,74,4
18,74,5
18,75,1
18,75,2
18,77,1
18,77,2
18,77,3
18,77,4
18,77,5
18,78,1
18,78,2
18,78,3
18,79,1
19,1,1
19,1,2
19,1,3
19,1,4
19,1,5
19,1,6
19,2,1
19,2,2
19,2,3
19,2,4
19,3,1
19,3,2
19,3,3
19,4,1
19,4,2
19,4,3
19,5,1
19,5,2
19,5,3
19,5,4
19,5,5
19,5,6
19,5,7
19,6,1
19,6,2
19,6,3
19,6,4
19,6,5
19,6,6
19,7,1
19,7,2
19,8,1
19,9,1
19,9,2
19,9,3
19,10,1
19,10,2
19,11,1
19,74,1
19,74,2
19,74,3
19,74,4
19,74,5
19,75,1
19,75,2
19,75,3
19,75,4
19,77,1
19,77,2
19,77,3
19,77,4
19,77,5
19,78,1
19,78,2
19,78,3
19,79,1
20,1,1
20,1,2
20,2,1
20,2,2
20,2,3
20,2,4
20,3,1
20,3,2
20,3,3
20,4,1
20,4,2
20,4,3
20,4,4
20,5,1
20,5,2
20,5,3
20,5,4
20,6,1
20,6,2
20,6,3
20,6,4
20,6,5
20,6,6
20,7,1
20,7,2
20,7,3
20,7,4
20,7,5
20,8,1
20,8,2
20,8,3
20,9,1
20,10,1
20,10,2
20,11,1
20,12,1
20,12,2
20,13,1
20,13,2
20,14,1
20,14,2
20,14,3
20,14,4
20,74,1
20,74,2
20,74,3
20,74,4
20,74,5
20,74,6
20,74,7
20,74,8
20,74,9
20,74,10
20,74,11
20,75,1
20,75,2
20,77,1
20,77,2
20,77,3
20,77,4
20,77,5
20,78,1
20,78,2
20,78,3
21,1,1
21,2,1
21,2,2
21,2,3
21,2,4
21,2,5
21,3,1
21,3,2
21,3,3
21,4,1
21,4,2
21,5,1
21,5,2
21,5,3
21,5,4
21,5,5
21,6,1
21,6,2
21,6,3
21,6,4
21,7,1
21,7,2
21,7,3
21,7,4
21,74,1
21,74,2
21,74,3
21,74,4
21,75,1
21,75,2
21,77,1
21,77,2
21,77,3
21,77,4
21,77,5
21,78,1
21,78,2
21,78,3
21,79,1
22,1,1
22,1,2
22,1,3
22,2,1
22,2,2
22,2,3
22,3,1
22,3,2
22,3,3
22,3,4
22,3,5
22,4,1
22,4,2
22,5,1
22,5,2
22,6,1
22,6,2
22,6,3
22,6,4
22,7,1
22,7,2
22,8,1
22,8,2
22,8,3
22,9,1
22,9,2
22,9,3
22,9,4
22,74,1
22,74,2
22,74,3
22,74,4
22,75,1
22,75,2
22,75,3
22,77,1
22,77,2
22,77,3
22,77,4
22,77,5
22,78,1
22,78,2
22,78,3
23,1,1
23,1,2
23,1,3
23,1,4
23,2,1
23,2,2
23,2,3
23,2,4
23,2,5
23,3,1
23,3,2
23,3,3
23,4,1
23,4,2
23,4,3
23,5,1
23,5,2
23,5,3
23,5,4
23,6,1
23,6,2
23,6,3
23,7,1
23,7,2
23,8,1
23,9,1
23,9,2
23,10,1
23,11,1
23,11,2
23,11,3
23,74,1
23,74,2
23,74,3
23,74,4
23,74,5
23,74,6
23,75,1
23,75,2
23,77,1
23,77,2
23,77,3
23,77,4
23,77,5
23,78,1
23,78,2
23,78,3
24,1,1
24,1,2
24,2,1
24,2,2
24,2,3
24,2,4
24,3,1
24,3,2
24,3,3
24,3,4
24,4,1
24,4,2
24,4,3
24,5,1
24,5,2
24,6,1
24,7,1
24,74,1
24,74,2
24,74,3
24,74,4
24,75,1
24,77,1
24,77,2
24,77,3
24,77,4
24,77,5
24,78,1
24,78,2
24,78,3
25,1,1
25,1,2
25,1,3
25,1,4
25,1,5
25,1,6
25,2,1
25,2,2
25,2,3
25,2,4
25,2,5
25,3,1
25,3,2
25,3,3
25,3,4
25,4,1
25,4,2
25,4,3
25,4,4
25,5,1
25,5,2
25,5,3
25,5,4
25,6,1
25,6,2
25,6,3
25,6,4
25,7,1
25,7,2
25,7,3
25,7,4
25,7,5
25,7,6
25,8,1
25,8,2
25,8,3
25,74,1
25,74,2
25,74,3
25,74,4
25,74,5
25,74,6
25,74,7
25,74,8
25,74,9
25,74,10
25,74,11
25,75,1
25,75,2
25,75,3
25,75,4
25,75,5
25,75,6
25,75,7
25,77,1
25,77,2
25,77,3
25,77,4
25,77,5
25,78,1
25,78,2
25,78,3
26,1,1
26,1,2
26,1,3
26,1,4
26,2,1
26,3,1
26,3,2
26,3,3
26,3,4
26,3,5
26,3,6
26,3,7
26,4,1
26,4,2
26,4,3
26,4,4
26,5,1
26,74,1
26,74,2
26,75,1
26,75,2
26,75,3
26,77,1
26,77,2
26,77,3
26,77,4
26,77,5
26,78,1
26,78,2
26,78,3
27,1,1
27,1,2
27,1,3
27,1,4
27,1,5
27,1,6
27,1,7
27,2,1
27,3,1
27,4,1
27,5,1
27,5,2
27,5,3
27,5,4
27,5,5
27,5,6
27,5,7
27,6,1
27,7,1
27,7,2
27,7,3
27,7,4
27,8,1
27,8,2
27,8,3
27,8,4
27,8,5
27,9,1
27,9,2
27,9,3
27,9,4
27,10,1
27,11,1
27,11,2
27,12,1
27,12,2
27,13,1
27,13,2
27,13,3
27,13,4
27,13,5
27,13,6
27,13,7
27,14,1
27,14,2
27,15,1
27,15,2
27,15,3
27,15,4
27,15,5
27,15,6
27,16,1
27,16,2
27,16,3
27,16,4
27,16,5
27,17,1
27,18,1
27,18,2
27,18,3
27,18,4
27,18,5
27,18,6
27,19,1
27,19,2
27,20,1
27,20,2
27,21,1
27,21,2
27,21,3
27,21,4
27,21,5
27,21,6
27,21,7
27,21,8
27,22,1
27,22,2
27,23,1
27,23,2
27,23,3
27,23,4
27,23,5
27,23,6
27,24,1
27,24,2
27,25,1
27,25,2
27,25,3
27,25,4
27,25,5
27,26,1
27,27,1
27,27,2
27,74,1
27,74,2
27,74,3
27,74,4
27,74,5
27,74,6
27,74,7
27,74,8
27,74,9
27,74,10
27,74,11
27,74,12
27,74,13
27,75,1
27,75,2
27,75,3
27,75,4
27,75,5
27,77,1
27,77,2
27,77,3
27,77,4
27,77,5
27,78,1
27,78,2
27,78,3
27,79,1
27,79,2
28,1,1
28,1,2
28,1,3
28,1,4
28,1,5
28,2,1
28,2,2
28,3,1
28,3,2
28,3,3
28,3,4
28,3,5
28,74,1
28,74,2
28,75,1
28,75,2
28,77,1
28,77,2
28,77,3
28,77,4
28,77,5
28,78,1
28,78,2
28,78,3
29,1,1
29,1,2
29,1,3
29,1,4
29,2,1
29,2,2
29,2,3
29,3,1
29,3,2
29,3,3
29,3,4
29,3,5
29,4,1
29,4,2
29,4,3
29,4,4
29,4,5
29,4,6
29,5,1
29,5,2
29,5,3
29,5,4
29,5,5
29,6,1
29,6,2
29,6,3
29,7,1
29,7,2
29,7,3
29,7,4
29,8,1
29,8,2
29,8,3
29,8,4
29,8,5
29,8,6
29,74,1
29,74,2
29,74,3
29,74,4
29,74,5
29,75,1
29,77,1
29,77,2
29,77,3
29,77,4
29,77,5
29,78,1
29,78,2
29,78,3
30,1,1
30,1,2
30,1,3
30,1,4
30,2,1
30,2,2
30,2,3
30,2,4
30,2,5
30,2,6
30,2,7
30,3,1
30,3,2
30,4,1
30,4,2
30,4,3
30,4,4
30,4,5
30,5,1
30,6,1
30,6,2
30,6,3
30,7,1
30,8,1
30,8,2
30,8,3
30,8,4
30,9,1
30,9,2
30,9,3
30,10,1
30,10,2
30,10,3
30,10,4
30,10,5
30,11,1
30,11,2
30,11,3
30,12,1
30,12,2
30,12,3
30,13,1
30,14,1
30,14,2
30,15,1
30,15,2
30,15,3
30,15,4
30,16,1
30,16,2
30,74,1
30,74,2
30,74,3
30,74,4
30,74,5
30,74,6
30,74,7
30,74,8
30,74,9
30,74,10
30,74,11
30,74,12
30,74,13
30,74,14
30,74,15
30,74,16
30,74,17
30,74,18
30,75,1
30,75,2
30,75,3
30,77,1
30,77,2
30,77,3
30,77,4
30,77,5
30,78,1
30,78,2
30,78,3
31,1,1
31,1,2
31,2,1
31,2,2
31,2,3
31,3,1
31,3,2
31,3,3
31,3,4
31,3,5
31,4,1
31,4,2
31,5,1
31,5,2
31,5,3
31,5,4
31,5,5
31,5,6
31,6,1
31,6,2
31,6,3
31,6,4
31,6,5
31,6,6
31,7,1
31,7,2
31,7,3
31,8,1
31,8,2
31,9,1
31,10,1
31,10,2
31,11,1
31,11,2
31,11,3
31,74,1
31,74,2
31,74,3
31,74,4
31,74,5
31,74,6
31,74,7
31,74,8
31,74,9
31,75,1
31,75,2
31,75,3
31,75,4
31,77,1
31,77,2
31,77,3
31,77,4
31,77,5
31,78,1
31,78,2
31,78,3
31,79,1
32,1,1
32,1,2
32,1,3
32,1,4
32,1,5
32,1,6
32,2,1
32,2,2
32,2,3
32,3,1
32,3,2
32,4,1
32,4,2
32,4,3
32,5,1
32,5,2
32,5,3
32,6,1
32,6,2
32,6,3
32,7,1
32,7,2
32,7,3
32,8,1
32,9,1
32,9,2
32,9,3
32,10,1
32,10,2
32,11,1
32,12,1
32,13,1
32,13,2
32,14,1
32,14,2
32,14,3
32,14,4
32,15,1
32,15,2
32,16,1
32,16,2
32,16,3
32,17,1
32,17,2
32,18,1
32,18,2
32,18,3
32,18,4
32,18,5
32,19,1
32,19,2
32,19,3
32,19,4
32,20,1
32,20,2
32,20,3
32,21,1
32,21,2
32,22,1
32,22,2
32,74,1
32,74,2
32,74,3
32,74,4
32,74,5
32,74,6
32,74,7
32,74,8
32,74,9
32,74,10
32,74,11
32,75,1
32,75,2
32,75,3
32,75,4
32,77,1
32,77,2
32,77,3
32,77,4
32,77,5
32,78,1
32,78,2
32,78,3
33,1,1
33,1,2
33,1,3
33,1,4
33,2,1
33,2,2
33,2,3
33,3,1
33,3,2
33,4,1
33,4,2
33,5,1
33,6,1
33,6,2
33,6,3
33,7,1
33,7,2
33,7,3
33,7,4
33,8,1
33,8,2
33,8,3
33,8,4
33,9,1
33,10,1
33,10,2
33,10,3
33,10,4
33,10,5
33,11,1
33,11,2
33,12,1
33,12,2
33,12,3
33,12,4
33,13,1
33,13,2
33,13,3
33,13,4
33,14,1
33,14,2
33,15,1
33,15,2
33,15,3
33,15,4
33,16,1
33,17,1
33,17,2
33,18,1
33,18,2
33,18,3
33,19,1
33,19,2
33,19,3
33,19,4
33,19,5
33,20,1
33,20,2
33,74,1
33,74,2
33,74,3
33,74,4
33,74,5
33,74,6
33,74,7
33,74,8
33,74,9
33,74,10
33,74,11
33,74,12
33,75,1
33,75,2
33,75,3
33,75,4
33,75,5
33,77,1
33,77,2
33,77,3
33,77,4
33,77,5
33,78,1
33,78,2
33,78,3
34,1,1
34,1,2
34,2,1
34,2,2
34,2,3
34,3,1
34,3,2
34,4,1
34,4,2
34,4,3
34,5,1
34,5,2
34,5,3
34,6,1
34,7,1
34,7,2
34,8,1
34,8,2
34,9,1
34,74,1
34,74,2
34,74,3
34,74,4
34,75,1
34,77,1
34,77,2
34,77,3
34,77,4
34,77,5
34,78,1
34,78,2
34,78,3
34,79,1
34,79,2
35,1,1
35,1,2
35,1,3
35,2,1
35,2,2
35,2,3
35,3,1
35,3,2
35,3,3
35,3,4
35,4,1
35,4,2
35,5,1
35,5,2
35,5,3
35,5,4
35,6,1
35,6,2
35,6,3
35,7,1
35,7,2
35,8,1
35,8,2
35,8,3
35,8,4
35,8,5
35,8,6
35,9,1
35,9,2
35,9,3
35,10,1
35,10,2
35,10,3
35,11,1
35,11,2
35,11,3
35,11,4
35,12,1
35,12,2
35,12,3
35,12,4
35,12,5
35,12,6
35,13,1
35,13,2
35,13,3
35,14,1
35,14,2
35,14,3
35,15,1
35,15,2
35,15,3
35,15,4
35,16,1
35,16,2
35,16,3
35,17,1
35,17,2
35,17,3
35,17,4
35,17,5
35,18,1
35,18,2
35,18,3
35,19,1
35,19,2
35,19,3
35,19,4
35,74,1
35,74,2
35,74,3
35,74,4
35,74,5
35,74,6
35,74,7
35,74,8
35,74,9
35,74,10
35,74,11
35,74,12
35,74,13
35,75,1
35,75,2
35,77,1
35,77,2
35,77,3
35,77,4
35,77,5
35,78,1
35,78,2
35,78,3
35,79,1
35,79,2
35,80,1
36,1,1
36,1,2
36,2,1
36,2,2
36,2,3
36,2,4
36,2,5
36,3,1
36,3,2
36,3,3
36,3,4
36,4,1
36,4,2
36,4,3
36,4,4
36,4,5
36,5,1
36,5,2
36,5,3
36,5,4
36,5,5
36,5,6
36,6,1
36,6,2
36,6,3
36,6,4
36,6,5
36,6,6
36,6,7
36,7,1
36,7,2
36,7,3
36,8,1
36,8,2
36,8,3
36,9,1
36,9,2
36,9,3
36,9,4
36,9,5
36,10,1
36,10,2
36,11,1
36,11,2
36,11,3
36,11,4
36,74,1
36,74,2
36,74,3
36,74,4
36,74,5
36,74,6
36,74,7
36,74,8
36,74,9
36,74,10
36,74,11
36,74,12
36,74,13
36,74,14
36,74,15
36,74,16
36,74,17
36,74,18
36,74,19
36,74,20
36,74,21
36,75,1
36,75,2
36,77,1
36,77,2
36,77,3
36,77,4
36,77,5
36,78,1
36,78,2
36,78,3
36,79,1
37,1,1
37,1,2
37,2,1
37,2,2
37,3,1
37,3,2
37,3,3
37,3,4
37,74,1
37,74,2
37,74,3
37,74,4
37,75,1
37,75,2
37,77,1
37,77,2
37,77,3
37,77,4
37,77,5
37,78,1
37,78,2
37,78,3
37,79,1
38,1,1
38,1,2
38,1,3
38,2,1
38,2,2
38,2,3
38,2,4
38,3,1
38,3,2
38,3,3
38,4,1
38,4,2
38,4,3
38,4,4
38,5,1
38,5,2
38,5,3
38,5,4
38,5,5
38,5,6
38,6,1
38,6,2
38,6,3
38,6,4
38,6,5
38,7,1
38,7,2
38,7,3
38,8,1
38,8,2
38,9,1
38,9,2
38,10,1
38,10,2
38,10,3
38,10,4
38,11,1
38,11,2
38,12,1
38,12,2
38,12,3
38,13,1
38,13,2
38,13,3
38,13,4
38,13,5
38,14,1
38,14,2
38,14,3
38,14,4
38,15,1
38,15,2
38,16,1
38,16,2
38,16,3
38,16,4
38,17,1
38,17,2
38,17,3
38,74,1
38,74,2
38,74,3
38,74,4
38,74,5
38,74,6
38,74,7
38,74,8
38,74,9
38,75,1
38,75,2
38,75,3
38,77,1
38,77,2
38,77,3
38,77,4
38,77,5
38,78,1
38,78,2
38,78,3
38,79,1
39,1,1
39,1,2
39,2,1
39,2,2
39,2,3
39,2,4
39,2,5
39,3,1
39,3,2
39,4,1
39,4,2
39,4,3
39,4,4
39,5,1
39,5,2
39,5,3
39,5,4
39,5,5
39,6,1
39,6,2
39,6,3
39,7,1
39,74,1
39,74,2
39,74,3
39,74,4
39,74,5
39,74,6
39,74,7
39,75,1
39,77,1
39,77,2
39,77,3
39,77,4
39,77,5
39,78,1
39,78,2
39,78,3
39,79,1
40,1,1
40,2,1
40,3,1
40,3,2
40,3,3
40,3,4
40,3,5
40,4,1
40,5,1
40,5,2
40,5,3
40,6,1
40,6,2
40,6,3
40,6,4
40,7,1
40,7,2
40,7,3
40,7,4
40,7,5
40,7,6
40,8,1
40,8,2
40,8,3
40,9,1
40,9,2
40,10,1
40,11,1
40,12,1
40,12,2
40,12,3
40,13,1
40,13,2
40,14,1
40,14,2
40,14,3
40,14,4
40,14,5
40,74,1
40,74,2
40,74,3
40,74,4
40,74,5
40,75,1
40,75,2
40,77,1
40,77,2
40,77,3
40,77,4
40,77,5
40,78,1
40,78,2
40,78,3
40,79,1
41,1,1
41,1,2
41,1,3
41,1,4
41,74,1
41,75,1
41,77,1
41,77,2
41,77,3
41,77,4
41,77,5
41,78,1
41,78,2
41,78,3
41,79,1
42,1,1
42,1,2
42,1,3
42,1,4
42,1,5
42,1,6
42,1,7
42,2,1
42,2,2
42,2,3
42,3,1
42,3,2
42,4,1
42,4,2
42,4,3
42,4,4
42,5,1
42,5,2
42,5,3
42,6,1
42,6,2
42,7,1
42,7,2
42,7,3
42,8,1
42,8,2
42,8,3
42,8,4
42,9,1
42,9,2
42,9,3
42,10,1
42,10,2
42,11,1
42,11,2
42,11,3
42,11,4
42,12,1
42,12,2
42,12,3
42,13,1
42,13,2
42,14,1
42,14,2
42,14,3
42,15,1
42,15,2
42,15,3
42,15,4
42,16,1
42,16,2
42,16,3
42,16,4
42,16,5
42,17,1
42,17,2
42,17,3
42,17,4
42,18,1
42,18,2
42,18,3
42,19,1
42,19,2
42,19,3
42,19,4
42,19,5
42,20,1
42,20,2
42,21,1
42,21,2
42,21,3
42,22,1
42,23,1
42,23,2
42,24,1
42,25,1
42,25,2
42,26,1
42,26,2
42,26,3
42,26,4
42,26,5
42,26,6
42,27,1
42,27,2
42,27,3
42,27,4
42,28,1
42,28,2
42,74,1
42,74,2
42,74,3
42,74,4
42,74,5
42,74,6
42,75,1
42,75,2
42,75,3
42,75,4
42,77,1
42,77,2
42,77,3
42,77,4
42,77,5
42,78,1
42,78,2
42,78,3
42,79,1
43,1,1
43,1,2
43,2,1
43,2,2
43,3,1
43,4,1
43,5,1
43,5,2
43,6,1
43,6,2
43,7,1
43,7,2
43,7,3
43,74,1
43,74,2
43,75,1
43,75,2
43,77,1
43,77,2
43,77,3
43,77,4
43,77,5
43,78,1
43,78,2
43,78,3
43,79,1
44,1,1
44,2,1
44,2,2
44,3,1
44,3,2
44,4,1
44,4,2
44,5,1
44,5,2
44,5,3
44,5,4
44,6,1
44,6,2
44,7,1
44,7,2
44,8,1
44,8,2
44,8,3
44,8,4
44,9,1
44,9,2
44,10,1
44,10,2
44,10,3
44,10,4
44,10,5
44,10,6
44,11,1
44,11,2
44,12,1
44,12,2
44,12,3
44,13,1
44,13,2
44,13,3
44,13,4
44,74,1
44,74,2
44,74,3
44,74,4
44,74,5
44,75,1
44,75,2
44,75,3
44,75,4
44,75,5
44,77,1
44,77,2
44,77,3
44,77,4
44,77,5
44,78,1
44,78,2
44,78,3
44,79,1
44,79,2
45,1,1
45,2,1
45,2,2
45,2,3
45,2,4
45,3,1
45,3,2
45,3,3
45,3,4
45,4,1
45,4,2
45,4,3
45,5,1
45,5,2
45,5,3
45,5,4
45,6,1
45,6,2
45,6,3
45,6,4
45,7,1
45,7,2
45,8,1
45,74,1
45,74,2
45,74,3
45,74,4
45,75,1
45,75,2
45,77,1
45,77,2
45,77,3
45,77,4
45,77,5
45,78,1
45,78,2
45,78,3
46,1,1
46,1,2
46,1,3
46,1,4
46,2,1
46,2,2
46,3,1
46,3,2
46,3,3
46,3,4
46,4,1
46,4,2
46,4,3
46,4,4
46,4,5
46,4,6
46,4,7
46,4,8
46,4,9
46,5,1
46,5,2
46,5,3
46,5,4
46,5,5
46,5,6
46,5,7
46,5,8
46,5,9
46,6,1
46,6,2
46,6,3
46,6,4
46,7,1
46,7,2
46,7,3
46,7,4
46,7,5
46,7,6
46,7,7
46,8,1
46,8,2
46,8,3
46,8,4
46,9,1
46,9,2
46,10,1
46,10,2
46,10,3
46,10,4
46,10,5
46,10,6
46,10,7
46,11,1
46,11,2
46,11,3
46,11,4
46,11,5
46,11,6
46,74,1
46,74,2
46,74,3
46,74,4
46,74,5
46,74,6
46,74,7
46,74,8
46,74,9
46,74,10
46,74,11
46,74,12
46,75,1
46,75,2
46,75,3
46,77,1
46,77,2
46,77,3
46,77,4
46,77,5
46,78,1
46,78,2
46,78,3
47,1,1
47,1,2
47,1,3
47,2,1
47,2,2
47,2,3
47,3,1
47,3,2
47,3,3
47,4,1
47,4,2
47,4,3
47,5,1
47,6,1
47,6,2
47,6,3
47,7,1
47,8,1
47,8,2
47,8,3
47,9,1
47,9,2
47,9,3
47,10,1
47,10,2
47,11,1
47,11,2
47,12,1
47,12,2
47,13,1
47,13,2
47,14,1
47,14,2
47,14,3
47,14,4
47,74,1
47,74,2
47,74,3
47,74,4
47,74,5
47,75,1
47,77,1
47,77,2
47,77,3
47,77,4
47,77,5
47,78,1
47,78,2
47,78,3
47,79,1
48,1,1
48,1,2
48,1,3
48,2,1
48,2,2
48,2,3
48,3,1
48,3,2
48,3,3
48,4,1
48,5,1
48,6,1
48,6,2
48,6,3
48,7,1
48,7,2
48,8,1
48,8,2
48,9,1
48,9,2
48,9,3
48,10,1
48,10,2
48,11,1
48,12,1
48,12,2
48,13,1
48,13,2
48,13,3
48,14,1
48,74,1
48,74,2
48,74,3
48,74,4
48,74,5
48,74,6
48,74,7
48,75,1
48,77,1
48,77,2
48,77,3
48,77,4
48,77,5
48,78,1
48,78,2
48,78,3
48,79,1
48,79,2
48,80,1
48,80,2
49,1,1
49,1,2
49,1,3
49,1,4
49,1,5
49,1,6
49,1,7
49,1,8
49,2,1
49,2,2
49,2,3
49,2,4
49,2,5
49,2,6
49,2,7
49,3,1
49,3,2
49,3,3
49,3,4
49,3,5
49,3,6
49,3,7
49,4,1
49,4,2
49,4,3
49,4,4
49,4,5
49,4,6
49,4,7
49,5,1
49,5,2
49,74,1
49,74,2
49,74,3
49,74,4
49,74,5
49,74,6
49,74,7
49,75,1
49,75,2
49,77,1
49,77,2
49,77,3
49,77,4
49,77,5
49,78,1
49,78,2
49,78,3
49,79,1
50,1,1
50,1,2
50,1,3
50,2,1
50,2,2
50,2,3
50,2,4
50,3,1
50,4,1
50,5,1
50,6,1
50,6,2
50,74,1
50,74,2
50,74,3
50,74,4
50,74,5
50,74,6
50,74,7
50,75,1
50,77,1
50,77,2
50,77,3
50,77,4
50,77,5
50,78,1
50,78,2
50,78,3
51,1,1
51,1,2
51,2,1
51,3,1
51,3,2
51,4,1
51,4,2
51,5,1
51,6,1
51,7,1
51,7,2
51,7,3
51,7,4
51,8,1
51,8,2
51,9,1
51,10,1
51,10,2
51,11,1
51,11,2
51,11,3
51,11,4
51,11,5
51,74,1
51,74,2
51,74,3
51,75,1
51,77,1
51,77,2
51,77,3
51,77,4
51,77,5
51,78,1
51,78,2
51,78,3
51,79,1
52,1,1
52,2,1
52,3,1
52,3,2
52,3,3
52,4,1
52,4,2
52,5,1
52,5,2
52,6,1
52,6,2
52,7,1
52,7,2
52,7,3
52,7,4
52,7,5
52,7,6
52,8,1
52,8,2
52,9,1
52,9,2
52,9,3
52,9,4
52,10,1
52,10,2
52,10,3
52,11,1
52,11,2
52,11,3
52,12,1
52,12,2
52,12,3
52,12,4
52,13,1
52,13,2
52,13,3
52,74,1
52,74,2
52,74,3
52,74,4
52,74,5
52,75,1
52,75,2
52,77,1
52,77,2
52,77,3
52,77,4
52,77,5
52,78,1
52,78,2
52,78,3
53,1,1
53,1,2
53,1,3
53,1,4
53,1,5
53,2,1
53,2,2
53,2,3
53,2,4
53,3,1
53,3,2
53,3,3
53,3,4
53,4,1
53,4,2
53,4,3
53,4,4
53,4,5
53,4,6
53,5,1
53,5,2
53,5,3
53,5,4
53,6,1
53,6,2
53,6,3
53,6,4
53,6,5
53,7,1
53,7,2
53,8,1
53,8,2
53,9,1
53,9,2
53,10,1
53,11,1
53,11,2
53,12,1
53,12,2
53,13,1
53,13,2
53,13,3
53,13,4
53,13,5
53,13,6
53,74,1
53,74,2
53,74,3
53,74,4
53,74,5
53,74,6
53,74,7
53,74,8
53,74,9
53,74,10
53,74,11
53,74,12
53,74,13
53,74,14
53,75,1
53,75,2
53,75,3
53,77,1
53,77,2
53,77,3
53,77,4
53,77,5
53,78,1
53,78,2
53,78,3
53,78,4
54,1,1
54,1,2
54,2,1
54,2,2
54,2,3
54,3,1
54,3,2
54,3,3
54,3,4
54,4,1
54,5,1
54,5,2
54,5,3
54,6,1
54,6,2
54,6,3
54,6,4
54,7,1
54,7,2
54,7,3
54,7,4
54,7,5
54,8,1
54,8,2
54,8,3
54,9,1
54,9,2
54,10,1
54,11,1
54,12,1
54,13,1
54,14,1
54,14,2
54,15,1
54,15,2
54,16,1
54,16,2
54,17,1
54,17,2
54,17,3
54,18,1
54,18,2
54,19,1
54,19,2
54,20,1
54,20,2
54,74,1
54,74,2
54,74,3
54,74,4
54,75,1
54,77,1
54,77,2
54,77,3
54,77,4
54,77,5
54,78,1
54,78,2
54,78,3
54,79,1
54,80,1
55,1,1
55,2,1
55,2,2
55,3,1
55,4,1
55,4,2
55,5,1
55,5,2
55,6,1
55,6,2
55,7,1
55,7,2
55,8,1
55,8,2
55,9,1
55,9,2
55,9,3
55,10,1
55,10,2
55,10,3
55,10,4
55,11,1
55,11,2
55,12,1
55,12,2
55,12,3
55,12,4
55,12,5
55,12,6
55,12,7
55,74,1
55,74,2
55,74,3
55,74,4
55,75,1
55,75,2
55,75,3
55,75,4
55,77,1
55,77,2
55,77,3
55,77,4
55,77,5
55,78,1
55,78,2
55,78,3
56,1,1
56,1,2
56,1,3
56,2,1
56,3,1
56,3,2
56,3,3
56,4,1
56,4,2
56,4,3
56,4,4
56,4,5
56,74,1
56,74,2
56,75,1
56,77,1
56,77,2
56,77,3
56,77,4
56,77,5
56,78,1
56,78,2
56,78,3
57,1,1
57,1,2
57,2,1
57,3,1
57,3,2
57,3,3
57,4,1
57,4,2
57,4,3
57,4,4
57,5,1
57,6,1
57,7,1
57,7,2
57,7,3
57,74,1
57,75,1
57,77,1
57,77,2
57,77,3
57,77,4
57,77,5
57,78,1
57,78,2
57,78,3
58,1,1
58,1,2
58,2,1
58,3,1
58,3,2
58,3,3
58,3,4
58,4,1
58,4,2
58,5,1
58,5,2
58,5,3
58,6,1
58,6,2
58,6,3
58,6,4
58,7,1
58,7,2
58,7,3
58,7,4
58,7,5
58,8,1
58,8,2
58,9,1
58,10,1
58,10,2
58,11,1
58,11,2
58,11,3
58,12,1
58,13,1
58,14,1
58,14,2
58,74,1
58,74,2
58,74,3
58,75,1
58,75,2
58,77,1
58,77,2
58,77,3
58,77,4
58,77,5
58,78,1
58,78,2
58,78,3
59,1,1
59,2,1
59,3,1
59,3,2
59,3,3
59,3,4
59,4,1
59,5,1
59,6,1
59,6,2
59,6,3
59,6,4
59,7,1
59,7,2
59,8,1
59,8,2
59,8,3
59,8,4
59,9,1
59,10,1
59,10,2
59,10,3
59,10,4
59,10,5
59,11,1
59,12,1
59,12,2
59,13,1
59,14,1
59,15,1
59,15,2
59,16,1
59,16,2
59,16,3
59,74,1
59,74,2
59,74,3
59,75,1
59,77,1
59,77,2
59,77,3
59,77,4
59,77,5
59,78,1
59,78,2
59,78,3
60,1,1
60,1,2
60,2,1
60,2,2
60,2,3
60,2,4
60,3,1
60,3,2
60,4,1
60,4,2
60,4,3
60,4,4
60,4,5
60,4,6
60,5,1
60,5,2
60,5,3
60,5,4
60,5,5
60,6,1
60,74,1
60,74,2
60,75,1
60,75,2
60,75,3
60,75,4
60,77,1
60,77,2
60,77,3
60,77,4
60,77,5
60,78,1
60,78,2
60,78,3
61,1,1
61,1,2
61,1,3
61,1,4
61,2,1
61,2,2
61,2,3
61,3,1
61,3,2
61,3,3
61,3,4
61,3,5
61,3,6
61,3,7
61,4,1
61,4,2
61,5,1
61,5,2
61,6,1
61,6,2
61,6,3
61,7,1
61,7,2
61,8,1
61,8,2
61,9,1
61,9,2
61,10,1
61,10,2
61,10,3
61,11,1
61,11,2
61,11,3
61,11,4
61,12,1
61,12,2
61,12,3
61,12,4
61,13,1
61,13,2
61,13,3
61,13,4
61,13,5
61,13,6
61,14,1
61,14,2
61,14,3
61,14,4
61,14,5
61,15,1
61,15,2
61,15,3
61,16,1
61,16,2
61,16,3
61,16,4
61,16,5
61,16,6
61,17,1
61,17,2
61,17,3
61,18,1
61,18,2
61,18,3
61,18,4
61,18,5
61,19,1
61,19,2
61,20,1
61,20,2
61,21,1
61,21,2
61,21,3
61,21,4
61,21,5
61,21,6
61,21,7
61,22,1
61,22,2
61,22,3
61,22,4
61,23,1
61,23,2
61,24,1
61,24,2
61,24,3
61,24,4
61,25,1
61,25,2
61,25,3
61,26,1
61,26,2
61,26,3
61,27,1
61,27,2
61,27,3
61,27,4
61,28,1
61,28,2
61,28,3
61,29,1
61,29,2
61,29,3
61,74,1
61,74,2
61,74,3
61,74,4
61,74,5
61,74,6
61,74,7
61,74,8
61,74,9
61,75,1
61,77,1
61,77,2
61,77,3
61,77,4
61,77,5
61,78,1
61,78,2
61,78,3
61,79,1
61,79,2
62,1,1
62,2,1
62,3,1
62,4,1
62,4,2
62,4,3
62,4,4
62,4,5
62,4,6
62,4,7
62,5,1
62,5,2
62,6,1
62,7,1
62,8,1
62,8,2
62,9,1
62,9,2
62,9,3
62,9,4
62,9,5
62,10,1
62,11,1
62,11,2
62,11,3
62,11,4
62,11,5
62,12,1
62,12,2
62,13,1
62,13,2
62,13,3
62,14,1
62,14,2
62,14,3
62,15,1
62,15,2
62,16,1
62,16,2
62,16,3
62,16,4
62,16,5
62,17,1
62,17,2
62,17,3
62,18,1
62,18,2
62,18,3
62,18,4
62,18,5
62,18,6
62,18,7
62,18,8
62,19,1
62,19,2
62,19,3
62,20,1
62,20,2
62,20,3
62,74,1
62,74,2
62,74,3
62,74,4
62,74,5
62,75,1
62,75,2
62,75,3
62,75,4
62,75,5
62,77,1
62,77,2
62,77,3
62,77,4
62,77,5
62,78,1
62,78,2
62,78,3
63,1,1
63,2,1
63,2,2
63,2,3
63,3,1
63,3,2
63,3,3
63,3,4
63,3,5
63,4,1
63,4,2
63,5,1
63,5,2
63,5,3
63,5,4
63,5,5
63,6,1
63,7,1
63,7,2
63,7,3
63,7,4
63,8,1
63,9,1
63,9,2
63,9,3
63,10,1
63,10,2
63,10,3
63,10,4
63,10,5
63,11,1
63,11,2
63,11,3
63,11,4
63,11,5
63,12,1
63,12,2
63,12,3
63,13,1
63,13,2
63,74,1
63,74,2
63,74,3
63,75,1
63,77,1
63,77,2
63,77,3
63,77,4
63,77,5
63,78,1
63,78,2
63,78,3
64,1,1
64,1,2
64,1,3
64,2,1
64,2,2
64,2,3
64,3,1
64,3,2
64,3,3
64,3,4
64,3,5
64,3,6
64,4,1
64,4,2
64,4,3
64,4,4
64,4,5
64,4,6
64,4,7
64,74,1
64,74,2
64,75,1
64,75,2
64,77,1
64,77,2
64,77,3
64,77,4
64,77,5
64,78,1
64,78,2
64,78,3
65,1,1
65,1,2
65,1,3
65,2,1
65,3,1
65,3,2
65,3,3
65,3,4
65,3,5
65,4,1
65,4,2
65,5,1
65,6,1
65,6,2
65,7,1
65,7,2
65,7,3
65,7,4
65,8,1
65,8,2
65,9,1
65,10,1
65,11,1
65,11,2
65,12,1
65,12,2
65,12,3
65,12,4
65,12,5
65,13,1
65,13,2
65,13,3
65,13,4
65,14,1
65,14,2
65,15,1
65,15,2
65,15,3
65,15,4
65,15,5
65,16,1
65,16,2
65,16,3
65,17,1
65,74,1
65,74,2
65,74,3
65,75,1
65,77,1
65,77,2
65,77,3
65,77,4
65,77,5
65,78,1
65,78,2
65,78,3
65,79,1
66,1,1
66,1,2
66,2,1
66,2,2
66,3,1
66,3,2
66,4,1
66,4,2
66,4,3
66,5,1
66,6,1
66,6,2
66,6,3
66,7,1
66,7,2
66,7,3
66,7,4
66,8,1
66,8,2
66,9,1
66,9,2
66,10,1
66,10,2
66,11,1
66,12,1
66,12,2
66,13,1
66,14,1
66,15,1
66,15,2
66,15,3
66,15,4
66,15,5
66,16,1
66,16,2
66,16,3
66,16,4
66,16,5
66,17,1
66,17,2
66,74,1
66,74,2
66,74,3
66,75,1
66,75,2
66,75,3
66,77,1
66,77,2
66,77,3
66,77,4
66,77,5
66,78,1
66,78,2
66,78,3
67,1,1
67,1,2
67,1,3
67,2,1
67,2,2
67,2,3
67,3,1
67,3,2
67,4,1
67,4,2
67,5,1
67,5,2
67,6,1
67,6,2
67,6,3
67,6,4
67,7,1
67,7,2
67,7,3
67,8,1
67,8,2
67,9,1
67,9,2
67,9,3
67,9,4
67,9,5
67,9,6
67,9,7
67,9,8
67,10,1
67,10,2
67,10,3
67,74,1
67,74,2
67,74,3
67,74,4
67,74,5
67,75,1
67,75,2
67,75,3
67,77,1
67,77,2
67,77,3
67,77,4
67,77,5
67,78,1
67,78,2
67,78,3
68,1,1
68,1,2
68,2,1
68,2,2
68,3,1
68,3,2
68,3,3
68,4,1
68,4,2
68,5,1
68,5,2
68,6,1
68,6,2
68,7,1
68,7,2
68,7,3
68,8,1
68,9,1
68,9,2
68,10,1
68,10,2
68,10,3
68,11,1
68,11,2
68,11,3
68,74,1
68,74,2
68,74,3
68,75,1
68,75,2
68,75,3
68,77,1
68,77,2
68,77,3
68,77,4
68,77,5
68,78,1
68,78,2
68,78,3
69,1,1
69,1,2
69,1,3
69,1,4
69,1,5
69,1,6
69,2,1
69,2,2
69,2,3
69,3,1
69,3,2
69,3,3
69,3,4
69,3,5
69,4,1
69,4,2
69,4,3
69,4,4
69,5,1
69,5,2
69,5,3
69,5,4
69,5,5
69,6,1
69,6,2
69,6,3
69,6,4
69,7,1
69,7,2
69,7,3
69,8,1
69,8,2
69,8,3
69,8,4
69,8,5
69,74,1
69,74,2
69,74,3
69,74,4
69,75,1
69,75,2
69,75,3
69,75,4
69,77,1
69,77,2
69,77,3
69,77,4
69,77,5
69,78,1
69,78,2
69,78,3
70,1,1
70,1,2
70,1,3
70,1,4
70,1,5
70,1,6
70,2,1
70,2,2
70,2,3
70,2,4
70,2,5
70,3,1
70,3,2
70,4,1
70,4,2
70,4,3
70,4,4
70,4,5
70,4,6
70,4,7
70,5,1
70,5,2
70,5,3
70,5,4
70,6,1
70,7,1
70,7,2
70,8,1
70,8,2
70,9,1
70,10,1
70,10,2
70,11,1
70,11,2
70,74,1
70,74,2
70,74,3
70,74,4
70,74,5
70,74,6
70,74,7
70,75,1
70,75,2
70,77,1
70,77,2
70,77,3
70,77,4
70,77,5
70,78,1
70,78,2
70,78,3
71,1,1
71,1,2
71,1,3
71,1,4
71,2,1
71,2,2
71,2,3
71,74,1
71,74,2
71,74,3
71,75,1
71,77,1
71,77,2
71,77,3
71,77,4
71,77,5
71,78,1
71,78,2
71,78,3
72,1,1
72,2,1
72,2,2
72,3,1
72,3,2
72,3,3
72,4,1
72,4,2
72,4,3
72,5,1
72,5,2
72,5,3
72,5,4
72,5,5
72,6,1
72,6,2
72,6,3
72,6,4
72,6,5
72,7,1
72,7,2
72,7,3
72,7,4
72,8,1
72,8,2
72,8,3
72,8,4
72,8,5
72,8,6
72,9,1
72,9,2
72,9,3
72,10,1
72,10,2
72,10,3
72,10,4
72,11,1
72,11,2
72,11,3
72,12,1
72,12,2
72,12,3
72,13,1
72,13,2
72,14,1
72,14,2
72,14,3
72,15,1
72,15,2
72,15,3
72,15,4
72,74,1
72,74,2
72,74,3
72,74,4
72,74,5
72,74,6
72,75,1
72,75,2
72,77,1
72,77,2
72,77,3
72,77,4
72,77,5
72,78,1
72,78,2
72,78,3
72,79,1
73,1,1
73,1,2
73,2,1
73,2,2
73,2,3
73,3,1
73,3,2
73,3,3
73,3,4
73,3,5
73,4,1
73,4,2
73,5,1
73,5,2
73,5,3
73,5,4
73,6,1
73,6,2
73,6,3
73,6,4
73,6,5
73,7,1
73,7,2
73,7,3
73,8,1
73,8,2
73,8,3
73,9,1
73,9,2
73,9,3
73,9,4
73,9,5
73,9,6
73,10,1
73,10,2
73,10,3
73,11,1
73,11,2
73,11,3
73,12,1
73,12,2
73,12,3
73,12,4
73,74,1
73,74,2
73,74,3
73,74,4
73,74,5
73,75,1
73,75,2
73,77,1
73,77,2
73,77,3
73,77,4
73,77,5
73,78,1
73,78,2
73,78,3
73,79,1
74,1,1
74,1,2
74,1,3
74,1,4
74,2,1
74,2,2
74,3,1
74,3,2
74,4,1
74,4,2
74,5,1
74,5,2
74,6,1
74,6,2
74,6,3
74,7,1
74,7,2
74,8,1
74,8,2
74,8,3
74,9,1
74,9,2
74,9,3
74,9,4
74,10,1
74,10,2
74,11,1
74,11,2
74,11,3
74,74,1
74,74,2
74,74,3
74,74,4
74,74,5
74,75,1
74,75,2
74,75,3
74,75,4
74,77,1
74,77,2
74,77,3
74,77,4
74,77,5
74,78,1
74,78,2
74,78,3
75,1,1
75,1,2
75,1,3
75,1,4
75,2,1
75,2,2
75,2,3
75,3,1
75,3,2
75,3,3
75,4,1
75,4,2
75,4,3
75,4,4
75,5,1
75,5,2
75,5,3
75,5,4
75,5,5
75,6,1
75,6,2
75,6,3
75,7,1
75,7,2
75,7,3
75,7,4
75,74,1
75,74,2
75,74,3
75,75,1
75,77,1
75,77,2
75,77,3
75,77,4
75,77,5
75,78,1
75,78,2
75,78,3
76,1,1
76,1,2
76,1,3
76,1,4
76,2,1
76,2,2
76,2,3
76,2,4
76,2,5
76,3,1
76,3,2
76,3,3
76,4,1
76,4,2
76,5,1
76,5,2
76,6,1
76,6,2
76,6,3
76,6,4
76,6,5
76,7,1
76,7,2
76,7,3
76,7,4
76,7,5
76,8,1
76,8,2
76,8,3
76,9,1
76,9,2
76,9,3
76,9,4
76,9,5
76,10,1
76,10,2
76,11,1
76,11,2
76,11,3
76,12,1
76,12,2
76,12,3
76,13,1
76,13,2
76,14,1
76,14,2
76,14,3
76,15,1
76,15,2
76,16,1
76,16,2
76,16,3
76,16,4
76,16,5
76,17,1
76,18,1
76,18,2
76,74,1
76,74,2
76,74,3
76,75,1
76,75,2
76,75,3
76,77,1
76,77,2
76,77,3
76,77,4
76,77,5
76,78,1
76,78,2
76,78,3
77,1,1
77,1,2
77,2,1
77,2,2
77,2,3
77,3,1
77,3,2
77,3,3
77,3,4
77,4,1
77,4,2
77,4,3
77,5,1
77,5,2
77,5,3
77,6,1
77,6,2
77,6,3
77,7,1
77,7,2
77,8,1
77,8,2
77,8,3
77,8,4
77,8,5
77,9,1
77,9,2
77,9,3
77,9,4
77,9,5
77,10,1
77,10,2
77,10,3
77,11,1
77,11,2
77,11,3
77,12,1
77,12,2
77,12,3
77,12,4
77,13,1
77,13,2
77,14,1
77,14,2
77,14,3
77,15,1
77,15,2
77,15,3
77,15,4
77,16,1
77,16,2
77,16,3
77,17,1
77,17,2
77,18,1
77,19,1
77,20,1
77,21,1
77,22,1
77,22,2
77,22,3
77,74,1
77,74,2
77,74,3
77,74,4
77,74,5
77,75,1
77,75,2
77,75,3
77,77,1
77,77,2
77,77,3
77,77,4
77,77,5
77,78,1
77,78,2
77,78,3
78,1,1
78,1,2
78,1,3
78,1,4
78,1,5
78,2,1
78,2,2
78,3,1
78,3,2
78,3,3
78,4,1
78,4,2
78,4,3
78,4,4
78,4,5
78,4,6
78,5,1
78,6,1
78,6,2
78,6,3
78,6,4
78,7,1
78,7,2
78,8,1
78,8,2
78,9,1
78,9,2
78,9,3
78,10,1
78,10,2
78,11,1
78,11,2
78,11,3
78,12,1
78,74,1
78,74,2
78,74,3
78,75,1
78,75,2
78,75,3
78,75,4
78,77,1
78,77,2
78,77,3
78,77,4
78,77,5
78,78,1
78,78,2
78,78,3
79,1,1
79,1,2
79,2,1
79,2,2
79,3,1
79,4,1
79,5,1
79,6,1
79,7,1
79,8,1
79,9,1
79,9,2
79,9,3
79,9,4
79,9,5
79,10,1
79,10,2
79,11,1
79,11,2
79,11,3
79,11,4
79,11,5
79,12,1
79,12,2
79,13,1
79,13,2
79,13,3
79,14,1
79,14,2
79,15,1
79,15,2
79,15,3
79,16,1
79,16,2
79,16,3
79,17,1
79,17,2
79,17,3
79,17,4
79,17,5
79,18,1
79,18,2
79,19,1
79,19,2
79,19,3
79,19,4
79,20,1
79,20,2
79,20,3
79,20,4
79,20,5
79,21,1
79,21,2
79,21,3
79,74,1
79,74,2
79,75,1
79,75,2
79,77,1
79,77,2
79,77,3
79,77,4
79,77,5
79,78,1
79,78,2
79,78,3
80,1,1
80,1,2
80,1,3
80,2,1
80,2,2
80,2,3
80,2,4
80,3,1
80,3,2
80,3,3
80,3,4
80,4,1
80,4,2
80,4,3
80,5,1
80,5,2
80,5,3
80,5,4
80,5,5
80,5,6
80,6,1
80,6,2
80,7,1
80,7,2
80,7,3
80,74,1
80,74,2
80,74,3
80,74,4
80,74,5
80,74,6
80,74,7
80,75,1
80,75,2
80,77,1
80,77,2
80,77,3
80,77,4
80,77,5
80,78,1
80,78,2
80,78,3
80,79,1
81,1,1
81,1,2
81,1,3
81,1,4
81,1,5
81,1,6
81,2,1
81,2,2
81,2,3
81,2,4
81,2,5
81,2,6
81,2,7
81,2,8
81,2,9
81,3,1
81,3,2
81,4,1
81,4,2
81,4,3
81,4,4
81,4,5
81,4,6
81,4,7
81,4,8
81,5,1
81,5,2
81,5,3
81,5,4
81,5,5
81,5,6
81,6,1
81,6,2
81,6,3
81,6,4
81,6,5
81,74,1
81,74,2
81,74,3
81,74,4
81,74,5
81,74,6
81,74,7
81,74,8
81,74,9
81,74,10
81,74,11
81,74,12
81,74,13
81,75,1
81,75,2
81,75,3
81,75,4
81,75,5
81,77,1
81,77,2
81,77,3
81,77,4
81,77,5
81,78,1
81,78,2
81,78,3
82,1,1
82,1,2
82,1,3
82,2,1
82,2,2
82,3,1
82,3,2
82,3,3
82,3,4
82,4,1
82,4,2
82,4,3
82,5,1
82,5,2
82,5,3
82,5,4
82,6,1
82,6,2
82,7,1
82,7,2
82,7,3
82,7,4
82,7,5
82,8,1
82,8,2
82,9,1
82,9,2
82,9,3
82,10,1
82,10,2
82,10,3
82,10,4
82,10,5
82,10,6
82,11,1
82,11,2
82,11,3
82,11,4
82,12,1
82,12,2
82,12,3
82,13,1
82,13,2
82,13,3
82,14,1
82,14,2
82,14,3
82,14,4
82,14,5
82,14,6
82,15,1
82,15,2
82,15,3
82,15,4
82,15,5
82,15,6
82,16,1
82,17,1
82,17,2
82,18,1
82,18,2
82,74,1
82,74,2
82,74,3
82,74,4
82,75,1
82,75,2
82,77,1
82,77,2
82,77,3
82,77,4
82,77,5
82,78,1
82,78,2
82,78,3
83,1,1
83,1,2
83,1,3
83,1,4
83,2,1
83,2,2
83,2,3
83,2,4
83,3,1
83,3,2
83,3,3
83,3,4
83,4,1
83,4,2
83,5,1
83,5,2
83,5,3
83,5,4
83,5,5
83,6,1
83,6,2
83,6,3
83,7,1
83,7,2
83,8,1
83,8,2
83,9,1
83,10,1
83,10,2
83,10,3
83,11,1
83,11,2
83,12,1
83,12,2
83,13,1
83,13,2
83,13,3
83,13,4
83,14,1
83,14,2
83,14,3
83,14,4
83,14,5
83,15,1
83,15,2
83,16,1
83,16,2
83,16,3
83,17,1
83,17,2
83,17,3
83,18,1
83,19,1
83,19,2
83,19,3
83,19,4
83,19,5
83,20,1
83,20,2
83,20,3
83,20,4
83,20,5
83,20,6
83,21,1
83,21,2
83,21,3
83,21,4
83,21,5
83,22,1
83,22,2
83,22,3
83,23,1
83,23,2
83,23,3
83,24,1
83,24,2
83,24,3
83,24,4
83,25,1
83,25,2
83,25,3
83,25,4
83,25,5
83,26,1
83,26,2
83,26,3
83,26,4
83,26,5
83,27,1
83,27,2
83,28,1
83,28,2
83,28,3
83,29,1
83,29,2
83,29,3
83,30,1
83,31,1
83,31,2
83,31,3
83,31,4
83,32,1
83,32,2
83,32,3
83,32,4
83,32,5
83,74,1
83,74,2
83,74,3
83,74,4
83,74,5
83,75,1
83,75,2
83,75,3
83,75,4
83,77,1
83,77,2
83,77,3
83,77,4
83,77,5
83,78,1
83,78,2
83,78,3
84,1,1
84,1,2
84,1,3
84,1,4
84,2,1
84,2,2
84,2,3
84,3,1
84,3,2
84,4,1
84,4,2
84,4,3
84,4,4
84,5,1
84,5,2
84,5,3
84,5,4
84,5,5
84,6,1
84,6,2
84,6,3
84,6,4
84,6,5
84,6,6
84,6,7
84,6,8
84,7,1
84,7,2
84,7,3
84,7,4
84,7,5
84,7,6
84,7,7
84,7,8
84,8,1
84,8,2
84,8,3
84,8,4
84,8,5
84,8,6
84,8,7
84,9,1
84,9,2
84,9,3
84,9,4
84,9,5
84,10,1
84,10,2
84,10,3
84,10,4
84,10,5
84,10,6
84,10,7
84,74,1
84,74,2
84,74,3
84,74,4
84,74,5
84,74,6
84,74,7
84,74,8
84,74,9
84,74,10
84,74,11
84,74,12
84,75,1
84,75,2
84,75,3
84,75,4
84,75,5
84,75,6
84,77,1
84,77,2
84,77,3
84,77,4
84,77,5
84,78,1
84,78,2
84,78,3
85,1,1
85,2,1
85,2,2
85,2,3
85,74,1
85,75,1
85,77,1
85,77,2
85,77,3
85,77,4
85,77,5
85,78,1
85,78,2
85,78,3
86,1,1
86,1,2
86,1,3
86,1,4
86,2,1
86,2,2
86,3,1
86,3,2
86,4,1
86,4,2
86,4,3
86,5,1
86,5,2
86,5,3
86,6,1
86,6,2
86,6,3
86,7,1
86,7,2
86,7,3
86,7,4
86,7,5
86,8,1
86,8,2
86,8,3
86,8,4
86,8,5
86,74,1
86,74,2
86,74,3
86,75,1
86,77,1
86,77,2
86,77,3
86,77,4
86,77,5
86,78,1
86,78,2
86,78,3
87,1,1
87,1,2
87,1,3
87,1,4
87,1,5
87,2,1
87,2,2
87,2,3
87,2,4
87,2,5
87,3,1
87,3,2
87,3,3
87,3,4
87,3,5
87,4,1
87,4,2
87,5,1
87,5,2
87,5,3
87,5,4
87,5,5
87,6,1
87,6,2
87,6,3
87,6,4
87,74,1
87,74,2
87,74,3
87,75,1
87,77,1
87,77,2
87,77,3
87,77,4
87,77,5
87,78,1
87,78,2
87,78,3
88,1,1
88,1,2
88,1,3
88,2,1
88,2,2
88,2,3
88,3,1
88,3,2
88,4,1
88,4,2
88,4,3
88,4,4
88,5,1
88,6,1
88,6,2
88,7,1
88,7,2
88,7,3
88,8,1
88,8,2
88,8,3
88,9,1
88,9,2
88,9,3
88,10,1
88,10,2
88,10,3
88,11,1
88,11,2
88,11,3
88,11,4
88,12,1
88,12,2
88,12,3
88,12,4
88,12,5
88,13,1
88,13,2
88,13,3
88,13,4
88,14,1
88,14,2
88,15,1
88,15,2
88,15,3
88,15,4
88,15,5
88,74,1
88,74,2
88,74,3
88,75,1
88,75,2
88,75,3
88,77,1
88,77,2
88,77,3
88,77,4
88,77,5
88,78,1
88,78,2
88,78,3
89,1,1
89,1,2
89,1,3
89,1,4
89,1,5
89,1,6
89,2,1
89,2,2
89,3,1
89,3,2
89,4,1
89,4,2
89,4,3
89,4,4
89,5,1
89,5,2
89,5,3
89,5,4
89,5,5
89,6,1
89,6,2
89,7,1
89,7,2
89,8,1
89,8,2
89,8,3
89,8,4
89,9,1
89,9,2
89,9,3
89,9,4
89,9,5
89,10,1
89,10,2
89,10,3
89,10,4
89,10,5
89,74,1
89,74,2
89,74,3
89,74,4
89,74,5
89,75,1
89,75,2
89,77,1
89,77,2
89,77,3
89,77,4
89,77,5
89,78,1
89,78,2
89,78,3
90,1,1
90,1,2
90,2,1
90,2,2
90,2,3
90,3,1
90,4,1
90,4,2
90,4,3
90,5,1
90,74,1
90,75,1
90,77,1
90,77,2
90,77,3
90,77,4
90,77,5
90,78,1
90,78,2
90,78,3
91,1,1
91,1,2
91,1,3
91,1,4
91,2,1
91,3,1
91,4,1
91,5,1
91,5,2
91,5,3
91,6,1
91,7,1
91,7,2
91,8,1
91,9,1
91,10,1
91,11,1
91,11,2
91,11,3
91,12,1
91,12,2
91,12,3
91,12,4
91,13,1
91,14,1
91,14,2
91,15,1
91,15,2
91,16,1
91,16,2
91,17,1
91,17,2
91,74,1
91,74,2
91,74,3
91,74,4
91,75,1
91,75,2
91,75,3
91,75,4
91,77,1
91,77,2
91,77,3
91,77,4
91,77,5
91,78,1
91,78,2
91,78,3
92,1,1
92,2,1
92,2,2
92,2,3
92,2,4
92,2,5
92,3,1
92,4,1
92,5,1
92,5,2
92,6,1
92,6,2
92,7,1
92,7,2
92,8,1
92,8,2
92,8,3
92,9,1
92,74,1
92,75,1
92,77,1
92,77,2
92,77,3
92,77,4
92,77,5
92,78,1
92,78,2
92,78,3
92,79,1
93,1,1
93,1,2
93,1,3
93,2,1
93,2,2
93,3,1
93,3,2
93,3,3
93,3,4
93,4,1
93,4,2
93,4,3
93,4,4
93,4,5
93,5,1
93,5,2
93,6,1
93,6,2
93,6,3
93,7,1
93,7,2
93,8,1
93,8,2
93,9,1
93,9,2
93,9,3
93,10,1
93,10,2
93,10,3
93,10,4
93,11,1
93,11,2
93,11,3
93,11,4
93,12,1
93,12,2
93,12,3
93,13,1
93,13,2
93,14,1
93,15,1
93,15,2
93,15,3
93,15,4
93,16,1
93,16,2
93,16,3
93,16,4
93,16,5
93,16,6
93,74,1
93,74,2
93,74,3
93,74,4
93,74,5
93,74,6
93,74,7
93,75,1
93,75,2
93,77,1
93,77,2
93,77,3
93,77,4
93,77,5
93,78,1
93,78,2
93,78,3
94,1,1
94,1,2
94,2,1
94,3,1
94,3,2
94,3,3
94,4,1
94,4,2
94,5,1
94,5,2
94,6,1
94,6,2
94,7,1
94,7,2
94,7,3
94,8,1
94,8,2
94,9,1
94,9,2
94,10,1
94,10,2
94,10,3
94,11,1
94,11,2
94,11,3
94,12,1
94,12,2
94,13,1
94,13,2
94,14,1
94,14,2
94,15,1
94,15,2
94,15,3
94,15,4
94,16,1
94,16,2
94,16,3
94,16,4
94,16,5
94,17,1
94,17,2
94,17,3
94,18,1
94,18,2
94,19,1
94,19,2
94,19,3
94,20,1
94,20,2
94,20,3
94,21,1
94,21,2
94,21,3
94,22,1
94,22,2
94,23,1
94,23,2
94,23,3
94,23,4
94,23,5
94,24,1
94,24,2
94,25,1
94,25,2
94,25,3
94,26,1
94,26,2
94,26,3
94,26,4
94,74,1
94,74,2
94,74,3
94,74,4
94,74,5
94,74,6
94,74,7
94,74,8
94,75,1
94,75,2
94,77,1
94,77,2
94,77,3
94,77,4
94,77,5
94,78,1
94,78,2
94,78,3
94,79,1
94,79,2
95,1,1
95,1,2
95,1,3
95,1,4
95,1,5
95,1,6
95,2,1
95,2,2
95,3,1
95,3,2
95,3,3
95,4,1
95,4,2
95,5,1
95,5,2
95,6,1
95,6,2
95,7,1
95,7,2
95,7,3
95,8,1
95,8,2
95,8,3
95,9,1
95,9,2
95,10,1
95,10,2
95,11,1
95,11,2
95,12,1
95,12,2
95,12,3
95,74,1
95,74,2
95,74,3
95,74,4
95,74,5
95,74,6
95,75,1
95,77,1
95,77,2
95,77,3
95,77,4
95,77,5
95,78,1
95,78,2
95,78,3
96,1,1
96,1,2
96,1,3
96,1,4
96,2,1
96,2,2
96,3,1
96,3,2
96,4,1
96,4,2
96,5,1
96,5,2
96,74,1
96,74,2
96,75,1
96,77,1
96,77,2
96,77,3
96,77,4
96,77,5
96,78,1
96,78,2
96,78,3
96,79,1
97,1,1
97,1,2
97,2,1
97,2,2
97,74,1
97,75,1
97,75,2
97,77,1
97,77,2
97,77,3
97,77,4
97,77,5
97,78,1
97,78,2
97,78,3
98,1,1
98,1,2
98,1,3
98,1,4
98,2,1
98,3,1
98,3,2
98,4,1
98,5,1
98,5,2
98,5,3
98,5,4
98,6,1
98,6,2
98,6,3
98,7,1
98,7,2
98,74,1
98,74,2
98,74,3
98,74,4
98,74,5
98,74,6
98,75,1
98,75,2
98,77,1
98,77,2
98,77,3
98,77,4
98,77,5
98,78,1
98,78,2
98,78,3
99,1,1
99,1,2
99,1,3
99,2,1
99,2,2
99,3,1
99,3,2
99,3,3
99,3,4
99,4,1
99,5,1
99,5,2
99,5,3
99,5,4
99,6,1
99,6,2
99,6,3
99,6,4
99,6,5
99,7,1
99,7,2
99,7,3
99,7,4
99,8,1
99,8,2
99,9,1
99,9,2
99,9,3
99,9,4
99,9,5
99,10,1
99,10,2
99,10,3
99,11,1
99,11,2
99,12,1
99,12,2
99,74,1
99,74,2
99,74,3
99,74,4
99,74,5
99,74,6
99,75,1
99,75,2
99,77,1
99,77,2
99,77,3
99,77,4
99,77,5
99,78,1
99,78,2
99,78,3
100,1,1
100,1,2
100,2,1
100,3,1
100,4,1
100,4,2
100,4,3
100,5,1
100,5,2
100,5,3
100,5,4
100,6,1
100,6,2
100,6,3
100,7,1
100,7,2
100,7,3
100,8,1
100,8,2
100,8,3
100,9,1
100,9,2
100,10,1
100,10,2
100,10,3
100,74,1
100,74,2
100,74,3
100,74,4
100,74,5
100,74,6
100,74,7
100,75,1
100,75,2
100,77,1
100,77,2
100,77,3
100,77,4
100,77,5
100,78,1
100,78,2
100,78,3
101,1,1
101,1,2
101,1,3
101,1,4
101,2,1
101,2,2
101,2,3
101,3,1
101,3,2
101,4,1
101,4,2
101,74,1
101,74,2
101,74,3
101,74,4
101,75,1
101,75,2
101,75,3
101,77,1
101,77,2
101,77,3
101,77,4
101,77,5
101,78,1
101,78,2
101,78,3
102,1,1
102,1,2
102,2,1
102,3,1
102,3,2
102,3,3
102,3,4
102,4,1
102,4,2
102,4,3
102,4,4
102,4,5
102,5,1
102,5,2
102,5,3
102,5,4
102,5,5
102,5,6
102,6,1
102,6,2
102,7,1
102,7,2
102,8,1
102,8,2
102,8,3
102,8,4
102,8,5
102,8,6
102,8,7
102,8,8
102,9,1
102,10,1
102,10,2
102,10,3
102,11,1
102,11,2
102,12,1
102,12,2
102,12,3
102,12,4
102,12,5
102,12,6
102,12,7
102,13,1
102,13,2
102,14,1
102,14,2
102,14,3
102,74,1
102,74,2
102,74,3
102,74,4
102,74,5
102,74,6
102,74,7
102,74,8
102,74,9
102,74,10
102,74,11
102,74,12
102,74,13
102,74,14
102,74,15
102,74,16
102,74,17
102,75,1
102,75,2
102,75,3
102,77,1
102,77,2
102,77,3
102,77,4
102,77,5
102,78,1
102,78,2
102,78,3
102,79,1
103,1,1
103,1,2
103,1,3
103,1,4
103,1,5
103,2,1
103,2,2
103,2,3
103,3,1
103,3,2
103,3,3
103,3,4
103,4,1
103,4,2
103,4,3
103,4,4
103,5,1
103,5,2
103,5,3
103,6,1
103,6,2
103,6,3
103,6,4
103,6,5
103,6,6
103,7,1
103,7,2
103,8,1
103,8,2
103,8,3
103,9,1
103,9,2
103,9,3
103,9,4
103,74,1
103,74,2
103,74,3
103,74,4
103,74,5
103,74,6
103,75,1
103,75,2
103,77,1
103,77,2
103,77,3
103,77,4
103,77,5
103,78,1
103,78,2
103,78,3
103,79,1
104,1,1
104,1,2
104,2,1
104,2,2
104,2,3
104,3,1
104,3,2
104,3,3
104,3,4
104,4,1
104,4,2
104,5,1
104,5,2
104,5,3
104,6,1
104,6,2
104,6,3
104,6,4
104,6,5
104,6,6
104,7,1
104,8,1
104,8,2
104,8,3
104,8,4
104,74,1
104,74,2
104,74,3
104,74,4
104,74,5
104,74,6
104,74,7
104,74,8
104,74,9
104,75,1
104,77,1
104,77,2
104,77,3
104,77,4
104,77,5
104,78,1
104,78,2
104,78,3
105,1,1
105,2,1
105,2,2
105,2,3
105,2,4
105,2,5
105,2,6
105,3,1
105,3,2
105,3,3
105,4,1
105,4,2
105,4,3
105,4,4
105,5,1
105,5,2
105,5,3
105,5,4
105,5,5
105,6,1
105,6,2
105,6,3
105,7,1
105,7,2
105,7,3
105,7,4
105,7,5
105,74,1
105,74,2
105,74,3
105,74,4
105,74,5
105,74,6
105,74,7
105,74,8
105,75,1
105,75,2
105,77,1
105,77,2
105,77,3
105,77,4
105,77,5
105,78,1
105,78,2
105,78,3
106,1,1
106,1,2
106,1,3
106,2,1
106,2,2
106,2,3
106,2,4
106,2,5
106,2,6
106,3,1
106,3,2
106,3,3
106,3,4
106,3,5
106,3,6
106,4,1
106,4,2
106,4,3
106,4,4
106,4,5
106,5,1
106,5,2
106,5,3
106,6,1
106,6,2
106,7,1
106,7,2
106,7,3
106,8,1
106,8,2
106,8,3
106,8,4
106,8,5
106,8,6
106,9,1
106,9,2
106,9,3
106,9,4
106,9,5
106,74,1
106,74,2
106,74,3
106,74,4
106,75,1
106,75,2
106,75,3
106,77,1
106,77,2
106,77,3
106,77,4
106,77,5
106,78,1
106,78,2
106,78,3
106,79,1
107,1,1
107,1,2
107,1,3
107,1,4
107,1,5
107,1,6
107,1,7
107,2,1
107,2,2
107,2,3
107,2,4
107,3,1
107,3,2
107,3,3
107,3,4
107,3,5
107,3,6
107,3,7
107,4,1
107,4,2
107,4,3
107,4,4
107,4,5
107,4,6
107,4,7
107,5,1
107,5,2
107,5,3
107,5,4
107,6,1
107,6,2
107,6,3
107,6,4
107,7,1
107,7,2
107,7,3
107,7,4
107,8,1
107,8,2
107,8,3
107,9,1
107,9,2
107,9,3
107,9,4
107,9,5
107,9,6
107,9,7
107,9,8
107,10,1
107,10,2
107,10,3
107,10,4
107,10,5
107,10,6
107,10,7
107,10,8
107,74,1
107,74,2
107,74,3
107,74,4
107,74,5
107,74,6
107,74,7
107,74,8
107,74,9
107,75,1
107,77,1
107,77,2
107,77,3
107,77,4
107,77,5
107,78,1
107,78,2
107,78,3
108,1,1
108,1,2
108,1,3
108,1,4
108,1,5
108,1,6
108,1,7
108,2,1
108,2,2
108,2,3
108,2,4
108,3,1
108,3,2
108,3,3
108,4,1
108,4,2
108,4,3
108,4,4
108,4,5
108,4,6
108,4,7
108,4,8
108,5,1
108,5,2
108,6,1
108,6,2
108,6,3
108,6,4
108,7,1
108,7,2
108,7,3
108,7,4
108,7,5
108,7,6
108,8,1
108,8,2
108,8,3
108,8,4
108,8,5
108,8,6
108,9,1
108,9,2
108,9,3
108,10,1
108,10,2
108,10,3
108,10,4
108,11,1
108,11,2
108,11,3
108,11,4
108,11,5
108,12,1
108,12,2
108,12,3
108,12,4
108,13,1
108,13,2
108,13,3
108,14,1
108,14,2
108,14,3
108,14,4
108,14,5
108,14,6
108,15,1
108,15,2
108,15,3
108,15,4
108,15,5
108,16,1
108,16,2
108,16,3
108,16,4
108,16,5
108,17,1
108,17,2
108,18,1
108,18,2
108,18,3
108,18,4
108,19,1
108,19,2
108,19,3
108,19,4
108,19,5
108,20,1
108,20,2
108,20,3
108,20,4
108,20,5
108,74,1
108,74,2
108,74,3
108,74,4
108,74,5
108,74,6
108,74,7
108,74,8
108,74,9
108,74,10
108,74,11
108,75,1
108,75,2
108,75,3
108,77,1
108,77,2
108,77,3
108,77,4
108,77,5
108,78,1
108,78,2
108,78,3
108,79,1
108,79,2
108,79,3
108,79,4
109,1,1
109,1,2
109,2,1
109,2,2
109,2,3
109,2,4
109,3,1
109,3,2
109,3,3
109,3,4
109,3,5
109,3,6
109,3,7
109,3,8
109,3,9
109,3,10
109,4,1
109,4,2
109,4,3
109,4,4
109,4,5
109,4,6
109,5,1
109,5,2
109,5,3
109,5,4
109,5,5
109,5,6
109,6,1
109,6,2
109,7,1
109,7,2
109,7,3
109,7,4
109,7,5
109,8,1
109,8,2
109,8,3
109,74,1
109,74,2
109,74,3
109,74,4
109,74,5
109,75,1
109,75,2
109,75,3
109,77,1
109,77,2
109,77,3
109,77,4
109,77,5
109,78,1
109,78,2
109,78,3
109,79,1
110,1,1
110,2,1
110,2,2
110,2,3
110,2,4
110,2,5
110,3,1
110,3,2
110,3,3
110,3,4
110,3,5
110,3,6
110,3,7
110,4,1
110,4,2
110,5,1
110,5,2
110,5,3
110,5,4
110,5,5
110,5,6
110,5,7
110,5,8
110,5,9
110,5,10
110,6,1
110,6,2
110,6,3
110,6,4
110,6,5
110,6,6
110,7,1
110,7,2
110,7,3
110,7,4
110,7,5
110,8,1
110,8,2
110,8,3
110,9,1
110,9,2
110,9,3
110,9,4
110,74,1
110,74,2
110,74,3
110,74,4
110,74,5
110,74,6
110,75,1
110,75,2
110,75,3
110,77,1
110,77,2
110,77,3
110,77,4
110,77,5
110,78,1
110,78,2
110,78,3
110,79,1
